table,line,description,time_period,value,units,retrieved
T10102,1,Gross domestic product,2010Q1,1.9,"Percent change, annual rate",2026-06-01
T10102,1,Gross domestic product,2010Q2,3.9,"Percent change, annual rate",2026-06-01
T10102,1,Gross domestic product,2010Q3,3.1,"Percent change, annual rate",2026-06-01
T10102,1,Gross domestic product,2010Q4,2.1,"Percent change, annual rate",2026-06-01
T10102,1,Gross domestic product,2011Q1,-0.9,"Percent change, annual rate",2026-06-01
T10102,1,Gross domestic product,2011Q2,2.7,"Percent change, annual rate",2026-06-01
T10102,1,Gross domestic product,2011Q3,-0.1,"Percent change, annual rate",2026-06-01
T10102,1,Gross domestic product,2011Q4,4.6,"Percent change, annual rate",2026-06-01
T10102,1,Gross domestic product,2012Q1,3.4,"Percent change, annual rate",2026-06-01
T10102,1,Gross domestic product,2012Q2,1.8,"Percent change, annual rate",2026-06-01
T10102,1,Gross domestic product,2012Q3,0.6,"Percent change, annual rate",2026-06-01
T10102,1,Gross domestic product,2012Q4,0.5,"Percent change, annual rate",2026-06-01
T10102,1,Gross domestic product,2013Q1,4.0,"Percent change, annual rate",2026-06-01
T10102,1,Gross domestic product,2013Q2,1.1,"Percent change, annual rate",2026-06-01
T10102,1,Gross domestic product,2013Q3,3.5,"Percent change, annual rate",2026-06-01
T10102,1,Gross domestic product,2013Q4,3.5,"Percent change, annual rate",2026-06-01
T10102,1,Gross domestic product,2014Q1,-1.4,"Percent change, annual rate",2026-06-01
T10102,1,Gross domestic product,2014Q2,5.3,"Percent change, annual rate",2026-06-01
T10102,1,Gross domestic product,2014Q3,5.0,"Percent change, annual rate",2026-06-01
T10102,1,Gross domestic product,2014Q4,2.0,"Percent change, annual rate",2026-06-01
T10102,1,Gross domestic product,2015Q1,3.6,"Percent change, annual rate",2026-06-01
T10102,1,Gross domestic product,2015Q2,2.5,"Percent change, annual rate",2026-06-01
T10102,1,Gross domestic product,2015Q3,1.6,"Percent change, annual rate",2026-06-01
T10102,1,Gross domestic product,2015Q4,0.7,"Percent change, annual rate",2026-06-01
T10102,1,Gross domestic product,2016Q1,2.3,"Percent change, annual rate",2026-06-01
T10102,1,Gross domestic product,2016Q2,1.3,"Percent change, annual rate",2026-06-01
T10102,1,Gross domestic product,2016Q3,2.9,"Percent change, annual rate",2026-06-01
T10102,1,Gross domestic product,2016Q4,2.2,"Percent change, annual rate",2026-06-01
T10102,1,Gross domestic product,2017Q1,2.0,"Percent change, annual rate",2026-06-01
T10102,1,Gross domestic product,2017Q2,2.3,"Percent change, annual rate",2026-06-01
T10102,1,Gross domestic product,2017Q3,3.2,"Percent change, annual rate",2026-06-01
T10102,1,Gross domestic product,2017Q4,4.6,"Percent change, annual rate",2026-06-01
T10102,1,Gross domestic product,2018Q1,3.3,"Percent change, annual rate",2026-06-01
T10102,1,Gross domestic product,2018Q2,2.1,"Percent change, annual rate",2026-06-01
T10102,1,Gross domestic product,2018Q3,2.5,"Percent change, annual rate",2026-06-01
T10102,1,Gross domestic product,2018Q4,0.6,"Percent change, annual rate",2026-06-01
T10102,1,Gross domestic product,2019Q1,2.5,"Percent change, annual rate",2026-06-01
T10102,1,Gross domestic product,2019Q2,3.4,"Percent change, annual rate",2026-06-01
T10102,1,Gross domestic product,2019Q3,4.8,"Percent change, annual rate",2026-06-01
T10102,1,Gross domestic product,2019Q4,2.8,"Percent change, annual rate",2026-06-01
T10102,1,Gross domestic product,2020Q1,-5.2,"Percent change, annual rate",2026-06-01
T10102,1,Gross domestic product,2020Q2,-28.0,"Percent change, annual rate",2026-06-01
T10102,1,Gross domestic product,2020Q3,34.9,"Percent change, annual rate",2026-06-01
T10102,1,Gross domestic product,2020Q4,4.6,"Percent change, annual rate",2026-06-01
T10102,1,Gross domestic product,2021Q1,5.7,"Percent change, annual rate",2026-06-01
T10102,1,Gross domestic product,2021Q2,7.0,"Percent change, annual rate",2026-06-01
T10102,1,Gross domestic product,2021Q3,3.3,"Percent change, annual rate",2026-06-01
T10102,1,Gross domestic product,2021Q4,7.0,"Percent change, annual rate",2026-06-01
T10102,1,Gross domestic product,2022Q1,-1.0,"Percent change, annual rate",2026-06-01
T10102,1,Gross domestic product,2022Q2,0.6,"Percent change, annual rate",2026-06-01
T10102,1,Gross domestic product,2022Q3,2.9,"Percent change, annual rate",2026-06-01
T10102,1,Gross domestic product,2022Q4,2.8,"Percent change, annual rate",2026-06-01
T10102,1,Gross domestic product,2023Q1,2.9,"Percent change, annual rate",2026-06-01
T10102,1,Gross domestic product,2023Q2,2.5,"Percent change, annual rate",2026-06-01
T10102,1,Gross domestic product,2023Q3,4.7,"Percent change, annual rate",2026-06-01
T10102,1,Gross domestic product,2023Q4,3.4,"Percent change, annual rate",2026-06-01
T10102,1,Gross domestic product,2024Q1,0.8,"Percent change, annual rate",2026-06-01
T10102,1,Gross domestic product,2024Q2,3.6,"Percent change, annual rate",2026-06-01
T10102,1,Gross domestic product,2024Q3,3.3,"Percent change, annual rate",2026-06-01
T10102,1,Gross domestic product,2024Q4,1.9,"Percent change, annual rate",2026-06-01
T10102,1,Gross domestic product,2025Q1,-0.6,"Percent change, annual rate",2026-06-01
T10102,1,Gross domestic product,2025Q2,3.8,"Percent change, annual rate",2026-06-01
T10102,1,Gross domestic product,2025Q3,4.4,"Percent change, annual rate",2026-06-01
T10102,1,Gross domestic product,2025Q4,0.5,"Percent change, annual rate",2026-06-01
T10102,1,Gross domestic product,2026Q1,1.6,"Percent change, annual rate",2026-06-01
T10102,2,Personal consumption expenditures,2010Q1,1.55,Level,2026-06-01
T10102,2,Personal consumption expenditures,2010Q2,2.45,Level,2026-06-01
T10102,2,Personal consumption expenditures,2010Q3,1.95,Level,2026-06-01
T10102,2,Personal consumption expenditures,2010Q4,1.68,Level,2026-06-01
T10102,2,Personal consumption expenditures,2011Q1,1.07,Level,2026-06-01
T10102,2,Personal consumption expenditures,2011Q2,0.3,Level,2026-06-01
T10102,2,Personal consumption expenditures,2011Q3,0.84,Level,2026-06-01
T10102,2,Personal consumption expenditures,2011Q4,0.48,Level,2026-06-01
T10102,2,Personal consumption expenditures,2012Q1,1.96,Level,2026-06-01
T10102,2,Personal consumption expenditures,2012Q2,0.47,Level,2026-06-01
T10102,2,Personal consumption expenditures,2012Q3,0.55,Level,2026-06-01
T10102,2,Personal consumption expenditures,2012Q4,1.09,Level,2026-06-01
T10102,2,Personal consumption expenditures,2013Q1,1.81,Level,2026-06-01
T10102,2,Personal consumption expenditures,2013Q2,0.79,Level,2026-06-01
T10102,2,Personal consumption expenditures,2013Q3,1.11,Level,2026-06-01
T10102,2,Personal consumption expenditures,2013Q4,2.36,Level,2026-06-01
T10102,2,Personal consumption expenditures,2014Q1,0.93,Level,2026-06-01
T10102,2,Personal consumption expenditures,2014Q2,2.6,Level,2026-06-01
T10102,2,Personal consumption expenditures,2014Q3,2.67,Level,2026-06-01
T10102,2,Personal consumption expenditures,2014Q4,3.09,Level,2026-06-01
T10102,2,Personal consumption expenditures,2015Q1,2.09,Level,2026-06-01
T10102,2,Personal consumption expenditures,2015Q2,1.86,Level,2026-06-01
T10102,2,Personal consumption expenditures,2015Q3,1.9,Level,2026-06-01
T10102,2,Personal consumption expenditures,2015Q4,1.1,Level,2026-06-01
T10102,2,Personal consumption expenditures,2016Q1,2.04,Level,2026-06-01
T10102,2,Personal consumption expenditures,2016Q2,1.34,Level,2026-06-01
T10102,2,Personal consumption expenditures,2016Q3,1.89,Level,2026-06-01
T10102,2,Personal consumption expenditures,2016Q4,1.4,Level,2026-06-01
T10102,2,Personal consumption expenditures,2017Q1,2.08,Level,2026-06-01
T10102,2,Personal consumption expenditures,2017Q2,1.35,Level,2026-06-01
T10102,2,Personal consumption expenditures,2017Q3,1.85,Level,2026-06-01
T10102,2,Personal consumption expenditures,2017Q4,2.99,Level,2026-06-01
T10102,2,Personal consumption expenditures,2018Q1,1.98,Level,2026-06-01
T10102,2,Personal consumption expenditures,2018Q2,1.45,Level,2026-06-01
T10102,2,Personal consumption expenditures,2018Q3,1.25,Level,2026-06-01
T10102,2,Personal consumption expenditures,2018Q4,0.84,Level,2026-06-01
T10102,2,Personal consumption expenditures,2019Q1,0.42,Level,2026-06-01
T10102,2,Personal consumption expenditures,2019Q2,2.29,Level,2026-06-01
T10102,2,Personal consumption expenditures,2019Q3,3.06,Level,2026-06-01
T10102,2,Personal consumption expenditures,2019Q4,1.76,Level,2026-06-01
T10102,2,Personal consumption expenditures,2020Q1,-4.48,Level,2026-06-01
T10102,2,Personal consumption expenditures,2020Q2,-21.62,Level,2026-06-01
T10102,2,Personal consumption expenditures,2020Q3,24.95,Level,2026-06-01
T10102,2,Personal consumption expenditures,2020Q4,3.6,Level,2026-06-01
T10102,2,Personal consumption expenditures,2021Q1,6.05,Level,2026-06-01
T10102,2,Personal consumption expenditures,2021Q2,9.42,Level,2026-06-01
T10102,2,Personal consumption expenditures,2021Q3,2.24,Level,2026-06-01
T10102,2,Personal consumption expenditures,2021Q4,2.63,Level,2026-06-01
T10102,2,Personal consumption expenditures,2022Q1,0.22,Level,2026-06-01
T10102,2,Personal consumption expenditures,2022Q2,2.19,Level,2026-06-01
T10102,2,Personal consumption expenditures,2022Q3,1.27,Level,2026-06-01
T10102,2,Personal consumption expenditures,2022Q4,0.53,Level,2026-06-01
T10102,2,Personal consumption expenditures,2023Q1,2.99,Level,2026-06-01
T10102,2,Personal consumption expenditures,2023Q2,1.02,Level,2026-06-01
T10102,2,Personal consumption expenditures,2023Q3,2.08,Level,2026-06-01
T10102,2,Personal consumption expenditures,2023Q4,2.04,Level,2026-06-01
T10102,2,Personal consumption expenditures,2024Q1,1.17,Level,2026-06-01
T10102,2,Personal consumption expenditures,2024Q2,2.61,Level,2026-06-01
T10102,2,Personal consumption expenditures,2024Q3,2.66,Level,2026-06-01
T10102,2,Personal consumption expenditures,2024Q4,2.61,Level,2026-06-01
T10102,2,Personal consumption expenditures,2025Q1,0.42,Level,2026-06-01
T10102,2,Personal consumption expenditures,2025Q2,1.68,Level,2026-06-01
T10102,2,Personal consumption expenditures,2025Q3,2.34,Level,2026-06-01
T10102,2,Personal consumption expenditures,2025Q4,1.3,Level,2026-06-01
T10102,2,Personal consumption expenditures,2026Q1,0.95,Level,2026-06-01
T10102,3,Goods,2010Q1,0.65,Level,2026-06-01
T10102,3,Goods,2010Q2,1.19,Level,2026-06-01
T10102,3,Goods,2010Q3,0.66,Level,2026-06-01
T10102,3,Goods,2010Q4,1.22,Level,2026-06-01
T10102,3,Goods,2011Q1,0.45,Level,2026-06-01
T10102,3,Goods,2011Q2,-0.33,Level,2026-06-01
T10102,3,Goods,2011Q3,0.03,Level,2026-06-01
T10102,3,Goods,2011Q4,0.66,Level,2026-06-01
T10102,3,Goods,2012Q1,1.14,Level,2026-06-01
T10102,3,Goods,2012Q2,-0.02,Level,2026-06-01
T10102,3,Goods,2012Q3,0.39,Level,2026-06-01
T10102,3,Goods,2012Q4,0.64,Level,2026-06-01
T10102,3,Goods,2013Q1,1.65,Level,2026-06-01
T10102,3,Goods,2013Q2,0.2,Level,2026-06-01
T10102,3,Goods,2013Q3,0.72,Level,2026-06-01
T10102,3,Goods,2013Q4,0.87,Level,2026-06-01
T10102,3,Goods,2014Q1,0.64,Level,2026-06-01
T10102,3,Goods,2014Q2,1.66,Level,2026-06-01
T10102,3,Goods,2014Q3,1.0,Level,2026-06-01
T10102,3,Goods,2014Q4,1.25,Level,2026-06-01
T10102,3,Goods,2015Q1,1.13,Level,2026-06-01
T10102,3,Goods,2015Q2,0.93,Level,2026-06-01
T10102,3,Goods,2015Q3,0.98,Level,2026-06-01
T10102,3,Goods,2015Q4,0.4,Level,2026-06-01
T10102,3,Goods,2016Q1,0.92,Level,2026-06-01
T10102,3,Goods,2016Q2,0.75,Level,2026-06-01
T10102,3,Goods,2016Q3,0.92,Level,2026-06-01
T10102,3,Goods,2016Q4,0.55,Level,2026-06-01
T10102,3,Goods,2017Q1,0.77,Level,2026-06-01
T10102,3,Goods,2017Q2,0.91,Level,2026-06-01
T10102,3,Goods,2017Q3,1.06,Level,2026-06-01
T10102,3,Goods,2017Q4,1.81,Level,2026-06-01
T10102,3,Goods,2018Q1,0.8,Level,2026-06-01
T10102,3,Goods,2018Q2,0.21,Level,2026-06-01
T10102,3,Goods,2018Q3,0.39,Level,2026-06-01
T10102,3,Goods,2018Q4,0.44,Level,2026-06-01
T10102,3,Goods,2019Q1,0.24,Level,2026-06-01
T10102,3,Goods,2019Q2,1.45,Level,2026-06-01
T10102,3,Goods,2019Q3,1.2,Level,2026-06-01
T10102,3,Goods,2019Q4,0.26,Level,2026-06-01
T10102,3,Goods,2020Q1,-0.37,Level,2026-06-01
T10102,3,Goods,2020Q2,-1.55,Level,2026-06-01
T10102,3,Goods,2020Q3,9.88,Level,2026-06-01
T10102,3,Goods,2020Q4,0.47,Level,2026-06-01
T10102,3,Goods,2021Q1,3.74,Level,2026-06-01
T10102,3,Goods,2021Q2,3.52,Level,2026-06-01
T10102,3,Goods,2021Q3,-2.19,Level,2026-06-01
T10102,3,Goods,2021Q4,0.81,Level,2026-06-01
T10102,3,Goods,2022Q1,-0.48,Level,2026-06-01
T10102,3,Goods,2022Q2,-0.11,Level,2026-06-01
T10102,3,Goods,2022Q3,-0.58,Level,2026-06-01
T10102,3,Goods,2022Q4,-0.52,Level,2026-06-01
T10102,3,Goods,2023Q1,1.55,Level,2026-06-01
T10102,3,Goods,2023Q2,0.09,Level,2026-06-01
T10102,3,Goods,2023Q3,0.95,Level,2026-06-01
T10102,3,Goods,2023Q4,0.47,Level,2026-06-01
T10102,3,Goods,2024Q1,-0.29,Level,2026-06-01
T10102,3,Goods,2024Q2,1.14,Level,2026-06-01
T10102,3,Goods,2024Q3,1.27,Level,2026-06-01
T10102,3,Goods,2024Q4,1.43,Level,2026-06-01
T10102,3,Goods,2025Q1,0.04,Level,2026-06-01
T10102,3,Goods,2025Q2,0.47,Level,2026-06-01
T10102,3,Goods,2025Q3,0.64,Level,2026-06-01
T10102,3,Goods,2025Q4,0.06,Level,2026-06-01
T10102,3,Goods,2026Q1,0.09,Level,2026-06-01
T10102,4,Durable goods,2010Q1,0.33,Level,2026-06-01
T10102,4,Durable goods,2010Q2,0.86,Level,2026-06-01
T10102,4,Durable goods,2010Q3,0.43,Level,2026-06-01
T10102,4,Durable goods,2010Q4,0.77,Level,2026-06-01
T10102,4,Durable goods,2011Q1,0.25,Level,2026-06-01
T10102,4,Durable goods,2011Q2,-0.2,Level,2026-06-01
T10102,4,Durable goods,2011Q3,0.25,Level,2026-06-01
T10102,4,Durable goods,2011Q4,0.67,Level,2026-06-01
T10102,4,Durable goods,2012Q1,0.69,Level,2026-06-01
T10102,4,Durable goods,2012Q2,0.05,Level,2026-06-01
T10102,4,Durable goods,2012Q3,0.36,Level,2026-06-01
T10102,4,Durable goods,2012Q4,0.63,Level,2026-06-01
T10102,4,Durable goods,2013Q1,0.72,Level,2026-06-01
T10102,4,Durable goods,2013Q2,0.14,Level,2026-06-01
T10102,4,Durable goods,2013Q3,0.26,Level,2026-06-01
T10102,4,Durable goods,2013Q4,0.29,Level,2026-06-01
T10102,4,Durable goods,2014Q1,0.46,Level,2026-06-01
T10102,4,Durable goods,2014Q2,1.04,Level,2026-06-01
T10102,4,Durable goods,2014Q3,0.49,Level,2026-06-01
T10102,4,Durable goods,2014Q4,0.55,Level,2026-06-01
T10102,4,Durable goods,2015Q1,0.55,Level,2026-06-01
T10102,4,Durable goods,2015Q2,0.58,Level,2026-06-01
T10102,4,Durable goods,2015Q3,0.38,Level,2026-06-01
T10102,4,Durable goods,2015Q4,0.19,Level,2026-06-01
T10102,4,Durable goods,2016Q1,0.38,Level,2026-06-01
T10102,4,Durable goods,2016Q2,0.24,Level,2026-06-01
T10102,4,Durable goods,2016Q3,0.73,Level,2026-06-01
T10102,4,Durable goods,2016Q4,0.45,Level,2026-06-01
T10102,4,Durable goods,2017Q1,0.23,Level,2026-06-01
T10102,4,Durable goods,2017Q2,0.37,Level,2026-06-01
T10102,4,Durable goods,2017Q3,0.74,Level,2026-06-01
T10102,4,Durable goods,2017Q4,1.07,Level,2026-06-01
T10102,4,Durable goods,2018Q1,0.38,Level,2026-06-01
T10102,4,Durable goods,2018Q2,0.17,Level,2026-06-01
T10102,4,Durable goods,2018Q3,0.21,Level,2026-06-01
T10102,4,Durable goods,2018Q4,0.05,Level,2026-06-01
T10102,4,Durable goods,2019Q1,-0.26,Level,2026-06-01
T10102,4,Durable goods,2019Q2,0.81,Level,2026-06-01
T10102,4,Durable goods,2019Q3,0.67,Level,2026-06-01
T10102,4,Durable goods,2019Q4,0.23,Level,2026-06-01
T10102,4,Durable goods,2020Q1,-1.11,Level,2026-06-01
T10102,4,Durable goods,2020Q2,0.05,Level,2026-06-01
T10102,4,Durable goods,2020Q3,5.69,Level,2026-06-01
T10102,4,Durable goods,2020Q4,0.22,Level,2026-06-01
T10102,4,Durable goods,2021Q1,2.22,Level,2026-06-01
T10102,4,Durable goods,2021Q2,1.37,Level,2026-06-01
T10102,4,Durable goods,2021Q3,-2.3,Level,2026-06-01
T10102,4,Durable goods,2021Q4,0.5,Level,2026-06-01
T10102,4,Durable goods,2022Q1,-0.01,Level,2026-06-01
T10102,4,Durable goods,2022Q2,-0.11,Level,2026-06-01
T10102,4,Durable goods,2022Q3,-0.12,Level,2026-06-01
T10102,4,Durable goods,2022Q4,-0.38,Level,2026-06-01
T10102,4,Durable goods,2023Q1,1.29,Level,2026-06-01
T10102,4,Durable goods,2023Q2,0.01,Level,2026-06-01
T10102,4,Durable goods,2023Q3,0.48,Level,2026-06-01
T10102,4,Durable goods,2023Q4,0.02,Level,2026-06-01
T10102,4,Durable goods,2024Q1,-0.07,Level,2026-06-01
T10102,4,Durable goods,2024Q2,0.56,Level,2026-06-01
T10102,4,Durable goods,2024Q3,0.61,Level,2026-06-01
T10102,4,Durable goods,2024Q4,0.92,Level,2026-06-01
T10102,4,Durable goods,2025Q1,-0.26,Level,2026-06-01
T10102,4,Durable goods,2025Q2,0.17,Level,2026-06-01
T10102,4,Durable goods,2025Q3,0.12,Level,2026-06-01
T10102,4,Durable goods,2025Q4,0.01,Level,2026-06-01
T10102,4,Durable goods,2026Q1,0.03,Level,2026-06-01
T10102,5,Nondurable goods,2010Q1,0.32,Level,2026-06-01
T10102,5,Nondurable goods,2010Q2,0.33,Level,2026-06-01
T10102,5,Nondurable goods,2010Q3,0.22,Level,2026-06-01
T10102,5,Nondurable goods,2010Q4,0.45,Level,2026-06-01
T10102,5,Nondurable goods,2011Q1,0.21,Level,2026-06-01
T10102,5,Nondurable goods,2011Q2,-0.13,Level,2026-06-01
T10102,5,Nondurable goods,2011Q3,-0.21,Level,2026-06-01
T10102,5,Nondurable goods,2011Q4,-0.01,Level,2026-06-01
T10102,5,Nondurable goods,2012Q1,0.45,Level,2026-06-01
T10102,5,Nondurable goods,2012Q2,-0.07,Level,2026-06-01
T10102,5,Nondurable goods,2012Q3,0.03,Level,2026-06-01
T10102,5,Nondurable goods,2012Q4,0.0,Level,2026-06-01
T10102,5,Nondurable goods,2013Q1,0.93,Level,2026-06-01
T10102,5,Nondurable goods,2013Q2,0.06,Level,2026-06-01
T10102,5,Nondurable goods,2013Q3,0.46,Level,2026-06-01
T10102,5,Nondurable goods,2013Q4,0.58,Level,2026-06-01
T10102,5,Nondurable goods,2014Q1,0.19,Level,2026-06-01
T10102,5,Nondurable goods,2014Q2,0.62,Level,2026-06-01
T10102,5,Nondurable goods,2014Q3,0.51,Level,2026-06-01
T10102,5,Nondurable goods,2014Q4,0.71,Level,2026-06-01
T10102,5,Nondurable goods,2015Q1,0.58,Level,2026-06-01
T10102,5,Nondurable goods,2015Q2,0.35,Level,2026-06-01
T10102,5,Nondurable goods,2015Q3,0.61,Level,2026-06-01
T10102,5,Nondurable goods,2015Q4,0.22,Level,2026-06-01
T10102,5,Nondurable goods,2016Q1,0.53,Level,2026-06-01
T10102,5,Nondurable goods,2016Q2,0.5,Level,2026-06-01
T10102,5,Nondurable goods,2016Q3,0.18,Level,2026-06-01
T10102,5,Nondurable goods,2016Q4,0.1,Level,2026-06-01
T10102,5,Nondurable goods,2017Q1,0.54,Level,2026-06-01
T10102,5,Nondurable goods,2017Q2,0.55,Level,2026-06-01
T10102,5,Nondurable goods,2017Q3,0.33,Level,2026-06-01
T10102,5,Nondurable goods,2017Q4,0.74,Level,2026-06-01
T10102,5,Nondurable goods,2018Q1,0.42,Level,2026-06-01
T10102,5,Nondurable goods,2018Q2,0.04,Level,2026-06-01
T10102,5,Nondurable goods,2018Q3,0.19,Level,2026-06-01
T10102,5,Nondurable goods,2018Q4,0.39,Level,2026-06-01
T10102,5,Nondurable goods,2019Q1,0.49,Level,2026-06-01
T10102,5,Nondurable goods,2019Q2,0.63,Level,2026-06-01
T10102,5,Nondurable goods,2019Q3,0.53,Level,2026-06-01
T10102,5,Nondurable goods,2019Q4,0.03,Level,2026-06-01
T10102,5,Nondurable goods,2020Q1,0.74,Level,2026-06-01
T10102,5,Nondurable goods,2020Q2,-1.6,Level,2026-06-01
T10102,5,Nondurable goods,2020Q3,4.19,Level,2026-06-01
T10102,5,Nondurable goods,2020Q4,0.25,Level,2026-06-01
T10102,5,Nondurable goods,2021Q1,1.51,Level,2026-06-01
T10102,5,Nondurable goods,2021Q2,2.16,Level,2026-06-01
T10102,5,Nondurable goods,2021Q3,0.11,Level,2026-06-01
T10102,5,Nondurable goods,2021Q4,0.3,Level,2026-06-01
T10102,5,Nondurable goods,2022Q1,-0.47,Level,2026-06-01
T10102,5,Nondurable goods,2022Q2,0.0,Level,2026-06-01
T10102,5,Nondurable goods,2022Q3,-0.46,Level,2026-06-01
T10102,5,Nondurable goods,2022Q4,-0.14,Level,2026-06-01
T10102,5,Nondurable goods,2023Q1,0.26,Level,2026-06-01
T10102,5,Nondurable goods,2023Q2,0.09,Level,2026-06-01
T10102,5,Nondurable goods,2023Q3,0.47,Level,2026-06-01
T10102,5,Nondurable goods,2023Q4,0.46,Level,2026-06-01
T10102,5,Nondurable goods,2024Q1,-0.22,Level,2026-06-01
T10102,5,Nondurable goods,2024Q2,0.59,Level,2026-06-01
T10102,5,Nondurable goods,2024Q3,0.66,Level,2026-06-01
T10102,5,Nondurable goods,2024Q4,0.52,Level,2026-06-01
T10102,5,Nondurable goods,2025Q1,0.3,Level,2026-06-01
T10102,5,Nondurable goods,2025Q2,0.3,Level,2026-06-01
T10102,5,Nondurable goods,2025Q3,0.53,Level,2026-06-01
T10102,5,Nondurable goods,2025Q4,0.05,Level,2026-06-01
T10102,5,Nondurable goods,2026Q1,0.06,Level,2026-06-01
T10102,6,Services,2010Q1,0.9,Level,2026-06-01
T10102,6,Services,2010Q2,1.25,Level,2026-06-01
T10102,6,Services,2010Q3,1.29,Level,2026-06-01
T10102,6,Services,2010Q4,0.46,Level,2026-06-01
T10102,6,Services,2011Q1,0.61,Level,2026-06-01
T10102,6,Services,2011Q2,0.63,Level,2026-06-01
T10102,6,Services,2011Q3,0.8,Level,2026-06-01
T10102,6,Services,2011Q4,-0.17,Level,2026-06-01
T10102,6,Services,2012Q1,0.82,Level,2026-06-01
T10102,6,Services,2012Q2,0.49,Level,2026-06-01
T10102,6,Services,2012Q3,0.16,Level,2026-06-01
T10102,6,Services,2012Q4,0.45,Level,2026-06-01
T10102,6,Services,2013Q1,0.17,Level,2026-06-01
T10102,6,Services,2013Q2,0.59,Level,2026-06-01
T10102,6,Services,2013Q3,0.38,Level,2026-06-01
T10102,6,Services,2013Q4,1.5,Level,2026-06-01
T10102,6,Services,2014Q1,0.29,Level,2026-06-01
T10102,6,Services,2014Q2,0.94,Level,2026-06-01
T10102,6,Services,2014Q3,1.67,Level,2026-06-01
T10102,6,Services,2014Q4,1.84,Level,2026-06-01
T10102,6,Services,2015Q1,0.96,Level,2026-06-01
T10102,6,Services,2015Q2,0.93,Level,2026-06-01
T10102,6,Services,2015Q3,0.92,Level,2026-06-01
T10102,6,Services,2015Q4,0.69,Level,2026-06-01
T10102,6,Services,2016Q1,1.12,Level,2026-06-01
T10102,6,Services,2016Q2,0.6,Level,2026-06-01
T10102,6,Services,2016Q3,0.97,Level,2026-06-01
T10102,6,Services,2016Q4,0.85,Level,2026-06-01
T10102,6,Services,2017Q1,1.31,Level,2026-06-01
T10102,6,Services,2017Q2,0.44,Level,2026-06-01
T10102,6,Services,2017Q3,0.79,Level,2026-06-01
T10102,6,Services,2017Q4,1.18,Level,2026-06-01
T10102,6,Services,2018Q1,1.18,Level,2026-06-01
T10102,6,Services,2018Q2,1.25,Level,2026-06-01
T10102,6,Services,2018Q3,0.85,Level,2026-06-01
T10102,6,Services,2018Q4,0.4,Level,2026-06-01
T10102,6,Services,2019Q1,0.18,Level,2026-06-01
T10102,6,Services,2019Q2,0.84,Level,2026-06-01
T10102,6,Services,2019Q3,1.85,Level,2026-06-01
T10102,6,Services,2019Q4,1.49,Level,2026-06-01
T10102,6,Services,2020Q1,-4.1,Level,2026-06-01
T10102,6,Services,2020Q2,-20.07,Level,2026-06-01
T10102,6,Services,2020Q3,15.07,Level,2026-06-01
T10102,6,Services,2020Q4,3.13,Level,2026-06-01
T10102,6,Services,2021Q1,2.32,Level,2026-06-01
T10102,6,Services,2021Q2,5.89,Level,2026-06-01
T10102,6,Services,2021Q3,4.43,Level,2026-06-01
T10102,6,Services,2021Q4,1.82,Level,2026-06-01
T10102,6,Services,2022Q1,0.7,Level,2026-06-01
T10102,6,Services,2022Q2,2.3,Level,2026-06-01
T10102,6,Services,2022Q3,1.85,Level,2026-06-01
T10102,6,Services,2022Q4,1.05,Level,2026-06-01
T10102,6,Services,2023Q1,1.44,Level,2026-06-01
T10102,6,Services,2023Q2,0.92,Level,2026-06-01
T10102,6,Services,2023Q3,1.13,Level,2026-06-01
T10102,6,Services,2023Q4,1.57,Level,2026-06-01
T10102,6,Services,2024Q1,1.46,Level,2026-06-01
T10102,6,Services,2024Q2,1.47,Level,2026-06-01
T10102,6,Services,2024Q3,1.38,Level,2026-06-01
T10102,6,Services,2024Q4,1.17,Level,2026-06-01
T10102,6,Services,2025Q1,0.37,Level,2026-06-01
T10102,6,Services,2025Q2,1.21,Level,2026-06-01
T10102,6,Services,2025Q3,1.7,Level,2026-06-01
T10102,6,Services,2025Q4,1.23,Level,2026-06-01
T10102,6,Services,2026Q1,0.86,Level,2026-06-01
T10102,7,Gross private domestic investment,2010Q1,1.23,Level,2026-06-01
T10102,7,Gross private domestic investment,2010Q2,2.95,Level,2026-06-01
T10102,7,Gross private domestic investment,2010Q3,2.58,Level,2026-06-01
T10102,7,Gross private domestic investment,2010Q4,-0.16,Level,2026-06-01
T10102,7,Gross private domestic investment,2011Q1,-1.12,Level,2026-06-01
T10102,7,Gross private domestic investment,2011Q2,2.33,Level,2026-06-01
T10102,7,Gross private domestic investment,2011Q3,0.24,Level,2026-06-01
T10102,7,Gross private domestic investment,2011Q4,4.59,Level,2026-06-01
T10102,7,Gross private domestic investment,2012Q1,1.41,Level,2026-06-01
T10102,7,Gross private domestic investment,2012Q2,1.44,Level,2026-06-01
T10102,7,Gross private domestic investment,2012Q3,0.17,Level,2026-06-01
T10102,7,Gross private domestic investment,2012Q4,-0.55,Level,2026-06-01
T10102,7,Gross private domestic investment,2013Q1,2.56,Level,2026-06-01
T10102,7,Gross private domestic investment,2013Q2,0.86,Level,2026-06-01
T10102,7,Gross private domestic investment,2013Q3,2.72,Level,2026-06-01
T10102,7,Gross private domestic investment,2013Q4,0.7,Level,2026-06-01
T10102,7,Gross private domestic investment,2014Q1,-0.63,Level,2026-06-01
T10102,7,Gross private domestic investment,2014Q2,2.87,Level,2026-06-01
T10102,7,Gross private domestic investment,2014Q3,1.66,Level,2026-06-01
T10102,7,Gross private domestic investment,2014Q4,0.23,Level,2026-06-01
T10102,7,Gross private domestic investment,2015Q1,2.47,Level,2026-06-01
T10102,7,Gross private domestic investment,2015Q2,0.29,Level,2026-06-01
T10102,7,Gross private domestic investment,2015Q3,0.15,Level,2026-06-01
T10102,7,Gross private domestic investment,2015Q4,-0.43,Level,2026-06-01
T10102,7,Gross private domestic investment,2016Q1,-0.29,Level,2026-06-01
T10102,7,Gross private domestic investment,2016Q2,-0.3,Level,2026-06-01
T10102,7,Gross private domestic investment,2016Q3,0.3,Level,2026-06-01
T10102,7,Gross private domestic investment,2016Q4,1.88,Level,2026-06-01
T10102,7,Gross private domestic investment,2017Q1,-0.21,Level,2026-06-01
T10102,7,Gross private domestic investment,2017Q2,1.09,Level,2026-06-01
T10102,7,Gross private domestic investment,2017Q3,1.17,Level,2026-06-01
T10102,7,Gross private domestic investment,2017Q4,1.35,Level,2026-06-01
T10102,7,Gross private domestic investment,2018Q1,1.09,Level,2026-06-01
T10102,7,Gross private domestic investment,2018Q2,0.0,Level,2026-06-01
T10102,7,Gross private domestic investment,2018Q3,2.19,Level,2026-06-01
T10102,7,Gross private domestic investment,2018Q4,0.08,Level,2026-06-01
T10102,7,Gross private domestic investment,2019Q1,0.67,Level,2026-06-01
T10102,7,Gross private domestic investment,2019Q2,0.7,Level,2026-06-01
T10102,7,Gross private domestic investment,2019Q3,0.59,Level,2026-06-01
T10102,7,Gross private domestic investment,2019Q4,-0.97,Level,2026-06-01
T10102,7,Gross private domestic investment,2020Q1,-1.8,Level,2026-06-01
T10102,7,Gross private domestic investment,2020Q2,-8.92,Level,2026-06-01
T10102,7,Gross private domestic investment,2020Q3,13.54,Level,2026-06-01
T10102,7,Gross private domestic investment,2020Q4,2.46,Level,2026-06-01
T10102,7,Gross private domestic investment,2021Q1,-0.4,Level,2026-06-01
T10102,7,Gross private domestic investment,2021Q2,-0.78,Level,2026-06-01
T10102,7,Gross private domestic investment,2021Q3,2.6,Level,2026-06-01
T10102,7,Gross private domestic investment,2021Q4,4.71,Level,2026-06-01
T10102,7,Gross private domestic investment,2022Q1,1.45,Level,2026-06-01
T10102,7,Gross private domestic investment,2022Q2,-1.69,Level,2026-06-01
T10102,7,Gross private domestic investment,2022Q3,-1.26,Level,2026-06-01
T10102,7,Gross private domestic investment,2022Q4,1.43,Level,2026-06-01
T10102,7,Gross private domestic investment,2023Q1,-1.33,Level,2026-06-01
T10102,7,Gross private domestic investment,2023Q2,1.27,Level,2026-06-01
T10102,7,Gross private domestic investment,2023Q3,1.66,Level,2026-06-01
T10102,7,Gross private domestic investment,2023Q4,0.65,Level,2026-06-01
T10102,7,Gross private domestic investment,2024Q1,-0.29,Level,2026-06-01
T10102,7,Gross private domestic investment,2024Q2,1.44,Level,2026-06-01
T10102,7,Gross private domestic investment,2024Q3,0.18,Level,2026-06-01
T10102,7,Gross private domestic investment,2024Q4,-1.26,Level,2026-06-01
T10102,7,Gross private domestic investment,2025Q1,3.79,Level,2026-06-01
T10102,7,Gross private domestic investment,2025Q2,-2.66,Level,2026-06-01
T10102,7,Gross private domestic investment,2025Q3,0.03,Level,2026-06-01
T10102,7,Gross private domestic investment,2025Q4,0.4,Level,2026-06-01
T10102,7,Gross private domestic investment,2026Q1,1.19,Level,2026-06-01
T10102,8,Fixed investment,2010Q1,-0.02,Level,2026-06-01
T10102,8,Fixed investment,2010Q2,2.03,Level,2026-06-01
T10102,8,Fixed investment,2010Q3,0.33,Level,2026-06-01
T10102,8,Fixed investment,2010Q4,1.09,Level,2026-06-01
T10102,8,Fixed investment,2011Q1,-0.07,Level,2026-06-01
T10102,8,Fixed investment,2011Q2,1.35,Level,2026-06-01
T10102,8,Fixed investment,2011Q3,2.42,Level,2026-06-01
T10102,8,Fixed investment,2011Q4,1.54,Level,2026-06-01
T10102,8,Fixed investment,2012Q1,1.89,Level,2026-06-01
T10102,8,Fixed investment,2012Q2,1.25,Level,2026-06-01
T10102,8,Fixed investment,2012Q3,0.09,Level,2026-06-01
T10102,8,Fixed investment,2012Q4,1.12,Level,2026-06-01
T10102,8,Fixed investment,2013Q1,1.25,Level,2026-06-01
T10102,8,Fixed investment,2013Q2,0.67,Level,2026-06-01
T10102,8,Fixed investment,2013Q3,1.19,Level,2026-06-01
T10102,8,Fixed investment,2013Q4,1.07,Level,2026-06-01
T10102,8,Fixed investment,2014Q1,0.81,Level,2026-06-01
T10102,8,Fixed investment,2014Q2,1.97,Level,2026-06-01
T10102,8,Fixed investment,2014Q3,1.39,Level,2026-06-01
T10102,8,Fixed investment,2014Q4,0.94,Level,2026-06-01
T10102,8,Fixed investment,2015Q1,0.28,Level,2026-06-01
T10102,8,Fixed investment,2015Q2,0.74,Level,2026-06-01
T10102,8,Fixed investment,2015Q3,0.77,Level,2026-06-01
T10102,8,Fixed investment,2015Q4,-0.02,Level,2026-06-01
T10102,8,Fixed investment,2016Q1,0.51,Level,2026-06-01
T10102,8,Fixed investment,2016Q2,0.51,Level,2026-06-01
T10102,8,Fixed investment,2016Q3,0.77,Level,2026-06-01
T10102,8,Fixed investment,2016Q4,0.63,Level,2026-06-01
T10102,8,Fixed investment,2017Q1,0.89,Level,2026-06-01
T10102,8,Fixed investment,2017Q2,0.7,Level,2026-06-01
T10102,8,Fixed investment,2017Q3,0.54,Level,2026-06-01
T10102,8,Fixed investment,2017Q4,1.62,Level,2026-06-01
T10102,8,Fixed investment,2018Q1,1.23,Level,2026-06-01
T10102,8,Fixed investment,2018Q2,0.74,Level,2026-06-01
T10102,8,Fixed investment,2018Q3,0.2,Level,2026-06-01
T10102,8,Fixed investment,2018Q4,0.18,Level,2026-06-01
T10102,8,Fixed investment,2019Q1,0.2,Level,2026-06-01
T10102,8,Fixed investment,2019Q2,1.32,Level,2026-06-01
T10102,8,Fixed investment,2019Q3,0.77,Level,2026-06-01
T10102,8,Fixed investment,2019Q4,-0.19,Level,2026-06-01
T10102,8,Fixed investment,2020Q1,-0.52,Level,2026-06-01
T10102,8,Fixed investment,2020Q2,-5.22,Level,2026-06-01
T10102,8,Fixed investment,2020Q3,5.08,Level,2026-06-01
T10102,8,Fixed investment,2020Q4,2.75,Level,2026-06-01
T10102,8,Fixed investment,2021Q1,1.48,Level,2026-06-01
T10102,8,Fixed investment,2021Q2,1.09,Level,2026-06-01
T10102,8,Fixed investment,2021Q3,-0.22,Level,2026-06-01
T10102,8,Fixed investment,2021Q4,0.56,Level,2026-06-01
T10102,8,Fixed investment,2022Q1,1.15,Level,2026-06-01
T10102,8,Fixed investment,2022Q2,0.34,Level,2026-06-01
T10102,8,Fixed investment,2022Q3,-0.4,Level,2026-06-01
T10102,8,Fixed investment,2022Q4,-0.09,Level,2026-06-01
T10102,8,Fixed investment,2023Q1,0.85,Level,2026-06-01
T10102,8,Fixed investment,2023Q2,1.63,Level,2026-06-01
T10102,8,Fixed investment,2023Q3,0.69,Level,2026-06-01
T10102,8,Fixed investment,2023Q4,0.82,Level,2026-06-01
T10102,8,Fixed investment,2024Q1,0.54,Level,2026-06-01
T10102,8,Fixed investment,2024Q2,0.27,Level,2026-06-01
T10102,8,Fixed investment,2024Q3,0.28,Level,2026-06-01
T10102,8,Fixed investment,2024Q4,-0.34,Level,2026-06-01
T10102,8,Fixed investment,2025Q1,1.21,Level,2026-06-01
T10102,8,Fixed investment,2025Q2,0.77,Level,2026-06-01
T10102,8,Fixed investment,2025Q3,0.15,Level,2026-06-01
T10102,8,Fixed investment,2025Q4,0.26,Level,2026-06-01
T10102,8,Fixed investment,2026Q1,1.11,Level,2026-06-01
T10102,9,Nonresidential,2010Q1,0.32,Level,2026-06-01
T10102,9,Nonresidential,2010Q2,1.49,Level,2026-06-01
T10102,9,Nonresidential,2010Q3,1.26,Level,2026-06-01
T10102,9,Nonresidential,2010Q4,0.93,Level,2026-06-01
T10102,9,Nonresidential,2011Q1,-0.03,Level,2026-06-01
T10102,9,Nonresidential,2011Q2,1.24,Level,2026-06-01
T10102,9,Nonresidential,2011Q3,2.25,Level,2026-06-01
T10102,9,Nonresidential,2011Q4,1.29,Level,2026-06-01
T10102,9,Nonresidential,2012Q1,1.3,Level,2026-06-01
T10102,9,Nonresidential,2012Q2,1.16,Level,2026-06-01
T10102,9,Nonresidential,2012Q3,-0.17,Level,2026-06-01
T10102,9,Nonresidential,2012Q4,0.57,Level,2026-06-01
T10102,9,Nonresidential,2013Q1,0.82,Level,2026-06-01
T10102,9,Nonresidential,2013Q2,0.28,Level,2026-06-01
T10102,9,Nonresidential,2013Q3,0.97,Level,2026-06-01
T10102,9,Nonresidential,2013Q4,1.27,Level,2026-06-01
T10102,9,Nonresidential,2014Q1,0.86,Level,2026-06-01
T10102,9,Nonresidential,2014Q2,1.56,Level,2026-06-01
T10102,9,Nonresidential,2014Q3,1.19,Level,2026-06-01
T10102,9,Nonresidential,2014Q4,0.48,Level,2026-06-01
T10102,9,Nonresidential,2015Q1,0.02,Level,2026-06-01
T10102,9,Nonresidential,2015Q2,0.38,Level,2026-06-01
T10102,9,Nonresidential,2015Q3,0.33,Level,2026-06-01
T10102,9,Nonresidential,2015Q4,-0.24,Level,2026-06-01
T10102,9,Nonresidential,2016Q1,0.05,Level,2026-06-01
T10102,9,Nonresidential,2016Q2,0.46,Level,2026-06-01
T10102,9,Nonresidential,2016Q3,0.81,Level,2026-06-01
T10102,9,Nonresidential,2016Q4,0.43,Level,2026-06-01
T10102,9,Nonresidential,2017Q1,0.54,Level,2026-06-01
T10102,9,Nonresidential,2017Q2,0.61,Level,2026-06-01
T10102,9,Nonresidential,2017Q3,0.53,Level,2026-06-01
T10102,9,Nonresidential,2017Q4,1.3,Level,2026-06-01
T10102,9,Nonresidential,2018Q1,1.53,Level,2026-06-01
T10102,9,Nonresidential,2018Q2,0.63,Level,2026-06-01
T10102,9,Nonresidential,2018Q3,0.35,Level,2026-06-01
T10102,9,Nonresidential,2018Q4,0.5,Level,2026-06-01
T10102,9,Nonresidential,2019Q1,0.38,Level,2026-06-01
T10102,9,Nonresidential,2019Q2,1.06,Level,2026-06-01
T10102,9,Nonresidential,2019Q3,0.55,Level,2026-06-01
T10102,9,Nonresidential,2019Q4,-0.24,Level,2026-06-01
T10102,9,Nonresidential,2020Q1,-0.96,Level,2026-06-01
T10102,9,Nonresidential,2020Q2,-4.15,Level,2026-06-01
T10102,9,Nonresidential,2020Q3,2.69,Level,2026-06-01
T10102,9,Nonresidential,2020Q4,1.5,Level,2026-06-01
T10102,9,Nonresidential,2021Q1,1.22,Level,2026-06-01
T10102,9,Nonresidential,2021Q2,1.31,Level,2026-06-01
T10102,9,Nonresidential,2021Q3,-0.18,Level,2026-06-01
T10102,9,Nonresidential,2021Q4,0.43,Level,2026-06-01
T10102,9,Nonresidential,2022Q1,1.49,Level,2026-06-01
T10102,9,Nonresidential,2022Q2,0.91,Level,2026-06-01
T10102,9,Nonresidential,2022Q3,0.8,Level,2026-06-01
T10102,9,Nonresidential,2022Q4,0.94,Level,2026-06-01
T10102,9,Nonresidential,2023Q1,1.13,Level,2026-06-01
T10102,9,Nonresidential,2023Q2,1.47,Level,2026-06-01
T10102,9,Nonresidential,2023Q3,0.25,Level,2026-06-01
T10102,9,Nonresidential,2023Q4,0.76,Level,2026-06-01
T10102,9,Nonresidential,2024Q1,0.22,Level,2026-06-01
T10102,9,Nonresidential,2024Q2,0.35,Level,2026-06-01
T10102,9,Nonresidential,2024Q3,0.48,Level,2026-06-01
T10102,9,Nonresidential,2024Q4,-0.51,Level,2026-06-01
T10102,9,Nonresidential,2025Q1,1.24,Level,2026-06-01
T10102,9,Nonresidential,2025Q2,0.98,Level,2026-06-01
T10102,9,Nonresidential,2025Q3,0.44,Level,2026-06-01
T10102,9,Nonresidential,2025Q4,0.33,Level,2026-06-01
T10102,9,Nonresidential,2026Q1,1.35,Level,2026-06-01
T10102,10,Structures,2010Q1,-0.72,Level,2026-06-01
T10102,10,Structures,2010Q2,0.29,Level,2026-06-01
T10102,10,Structures,2010Q3,-0.14,Level,2026-06-01
T10102,10,Structures,2010Q4,0.2,Level,2026-06-01
T10102,10,Structures,2011Q1,-0.73,Level,2026-06-01
T10102,10,Structures,2011Q2,0.67,Level,2026-06-01
T10102,10,Structures,2011Q3,0.61,Level,2026-06-01
T10102,10,Structures,2011Q4,0.38,Level,2026-06-01
T10102,10,Structures,2012Q1,0.54,Level,2026-06-01
T10102,10,Structures,2012Q2,0.28,Level,2026-06-01
T10102,10,Structures,2012Q3,-0.14,Level,2026-06-01
T10102,10,Structures,2012Q4,-0.23,Level,2026-06-01
T10102,10,Structures,2013Q1,-0.24,Level,2026-06-01
T10102,10,Structures,2013Q2,0.3,Level,2026-06-01
T10102,10,Structures,2013Q3,0.56,Level,2026-06-01
T10102,10,Structures,2013Q4,0.13,Level,2026-06-01
T10102,10,Structures,2014Q1,0.46,Level,2026-06-01
T10102,10,Structures,2014Q2,0.47,Level,2026-06-01
T10102,10,Structures,2014Q3,0.05,Level,2026-06-01
T10102,10,Structures,2014Q4,0.22,Level,2026-06-01
T10102,10,Structures,2015Q1,-0.15,Level,2026-06-01
T10102,10,Structures,2015Q2,0.18,Level,2026-06-01
T10102,10,Structures,2015Q3,-0.35,Level,2026-06-01
T10102,10,Structures,2015Q4,-0.43,Level,2026-06-01
T10102,10,Structures,2016Q1,-0.42,Level,2026-06-01
T10102,10,Structures,2016Q2,0.27,Level,2026-06-01
T10102,10,Structures,2016Q3,0.47,Level,2026-06-01
T10102,10,Structures,2016Q4,0.11,Level,2026-06-01
T10102,10,Structures,2017Q1,-0.01,Level,2026-06-01
T10102,10,Structures,2017Q2,0.03,Level,2026-06-01
T10102,10,Structures,2017Q3,-0.27,Level,2026-06-01
T10102,10,Structures,2017Q4,0.2,Level,2026-06-01
T10102,10,Structures,2018Q1,0.7,Level,2026-06-01
T10102,10,Structures,2018Q2,0.05,Level,2026-06-01
T10102,10,Structures,2018Q3,0.02,Level,2026-06-01
T10102,10,Structures,2018Q4,-0.35,Level,2026-06-01
T10102,10,Structures,2019Q1,0.04,Level,2026-06-01
T10102,10,Structures,2019Q2,0.4,Level,2026-06-01
T10102,10,Structures,2019Q3,0.5,Level,2026-06-01
T10102,10,Structures,2019Q4,-0.21,Level,2026-06-01
T10102,10,Structures,2020Q1,-0.19,Level,2026-06-01
T10102,10,Structures,2020Q2,-1.4,Level,2026-06-01
T10102,10,Structures,2020Q3,-0.16,Level,2026-06-01
T10102,10,Structures,2020Q4,0.07,Level,2026-06-01
T10102,10,Structures,2021Q1,0.16,Level,2026-06-01
T10102,10,Structures,2021Q2,0.01,Level,2026-06-01
T10102,10,Structures,2021Q3,-0.11,Level,2026-06-01
T10102,10,Structures,2021Q4,-0.23,Level,2026-06-01
T10102,10,Structures,2022Q1,0.2,Level,2026-06-01
T10102,10,Structures,2022Q2,0.24,Level,2026-06-01
T10102,10,Structures,2022Q3,0.3,Level,2026-06-01
T10102,10,Structures,2022Q4,0.33,Level,2026-06-01
T10102,10,Structures,2023Q1,0.84,Level,2026-06-01
T10102,10,Structures,2023Q2,0.61,Level,2026-06-01
T10102,10,Structures,2023Q3,0.22,Level,2026-06-01
T10102,10,Structures,2023Q4,0.36,Level,2026-06-01
T10102,10,Structures,2024Q1,-0.17,Level,2026-06-01
T10102,10,Structures,2024Q2,-0.13,Level,2026-06-01
T10102,10,Structures,2024Q3,-0.07,Level,2026-06-01
T10102,10,Structures,2024Q4,-0.26,Level,2026-06-01
T10102,10,Structures,2025Q1,-0.1,Level,2026-06-01
T10102,10,Structures,2025Q2,-0.23,Level,2026-06-01
T10102,10,Structures,2025Q3,-0.15,Level,2026-06-01
T10102,10,Structures,2025Q4,-0.19,Level,2026-06-01
T10102,10,Structures,2026Q1,-0.15,Level,2026-06-01
T10102,11,Equipment,2010Q1,1.31,Level,2026-06-01
T10102,11,Equipment,2010Q2,1.28,Level,2026-06-01
T10102,11,Equipment,2010Q3,1.11,Level,2026-06-01
T10102,11,Equipment,2010Q4,0.44,Level,2026-06-01
T10102,11,Equipment,2011Q1,0.54,Level,2026-06-01
T10102,11,Equipment,2011Q2,0.31,Level,2026-06-01
T10102,11,Equipment,2011Q3,1.32,Level,2026-06-01
T10102,11,Equipment,2011Q4,0.54,Level,2026-06-01
T10102,11,Equipment,2012Q1,0.73,Level,2026-06-01
T10102,11,Equipment,2012Q2,0.67,Level,2026-06-01
T10102,11,Equipment,2012Q3,-0.07,Level,2026-06-01
T10102,11,Equipment,2012Q4,0.48,Level,2026-06-01
T10102,11,Equipment,2013Q1,0.52,Level,2026-06-01
T10102,11,Equipment,2013Q2,0.05,Level,2026-06-01
T10102,11,Equipment,2013Q3,0.07,Level,2026-06-01
T10102,11,Equipment,2013Q4,0.99,Level,2026-06-01
T10102,11,Equipment,2014Q1,0.24,Level,2026-06-01
T10102,11,Equipment,2014Q2,0.67,Level,2026-06-01
T10102,11,Equipment,2014Q3,0.78,Level,2026-06-01
T10102,11,Equipment,2014Q4,-0.13,Level,2026-06-01
T10102,11,Equipment,2015Q1,0.27,Level,2026-06-01
T10102,11,Equipment,2015Q2,0.11,Level,2026-06-01
T10102,11,Equipment,2015Q3,0.42,Level,2026-06-01
T10102,11,Equipment,2015Q4,-0.27,Level,2026-06-01
T10102,11,Equipment,2016Q1,-0.06,Level,2026-06-01
T10102,11,Equipment,2016Q2,-0.25,Level,2026-06-01
T10102,11,Equipment,2016Q3,-0.02,Level,2026-06-01
T10102,11,Equipment,2016Q4,0.12,Level,2026-06-01
T10102,11,Equipment,2017Q1,0.15,Level,2026-06-01
T10102,11,Equipment,2017Q2,0.45,Level,2026-06-01
T10102,11,Equipment,2017Q3,0.4,Level,2026-06-01
T10102,11,Equipment,2017Q4,0.73,Level,2026-06-01
T10102,11,Equipment,2018Q1,0.43,Level,2026-06-01
T10102,11,Equipment,2018Q2,0.05,Level,2026-06-01
T10102,11,Equipment,2018Q3,0.0,Level,2026-06-01
T10102,11,Equipment,2018Q4,0.31,Level,2026-06-01
T10102,11,Equipment,2019Q1,0.13,Level,2026-06-01
T10102,11,Equipment,2019Q2,0.24,Level,2026-06-01
T10102,11,Equipment,2019Q3,-0.35,Level,2026-06-01
T10102,11,Equipment,2019Q4,-0.52,Level,2026-06-01
T10102,11,Equipment,2020Q1,-1.1,Level,2026-06-01
T10102,11,Equipment,2020Q2,-2.23,Level,2026-06-01
T10102,11,Equipment,2020Q3,2.42,Level,2026-06-01
T10102,11,Equipment,2020Q4,0.9,Level,2026-06-01
T10102,11,Equipment,2021Q1,0.32,Level,2026-06-01
T10102,11,Equipment,2021Q2,0.63,Level,2026-06-01
T10102,11,Equipment,2021Q3,-0.59,Level,2026-06-01
T10102,11,Equipment,2021Q4,0.0,Level,2026-06-01
T10102,11,Equipment,2022Q1,0.6,Level,2026-06-01
T10102,11,Equipment,2022Q2,0.04,Level,2026-06-01
T10102,11,Equipment,2022Q3,0.14,Level,2026-06-01
T10102,11,Equipment,2022Q4,0.12,Level,2026-06-01
T10102,11,Equipment,2023Q1,-0.01,Level,2026-06-01
T10102,11,Equipment,2023Q2,0.61,Level,2026-06-01
T10102,11,Equipment,2023Q3,-0.13,Level,2026-06-01
T10102,11,Equipment,2023Q4,0.17,Level,2026-06-01
T10102,11,Equipment,2024Q1,0.03,Level,2026-06-01
T10102,11,Equipment,2024Q2,0.44,Level,2026-06-01
T10102,11,Equipment,2024Q3,0.41,Level,2026-06-01
T10102,11,Equipment,2024Q4,-0.22,Level,2026-06-01
T10102,11,Equipment,2025Q1,1.0,Level,2026-06-01
T10102,11,Equipment,2025Q2,0.44,Level,2026-06-01
T10102,11,Equipment,2025Q3,0.28,Level,2026-06-01
T10102,11,Equipment,2025Q4,0.23,Level,2026-06-01
T10102,11,Equipment,2026Q1,0.88,Level,2026-06-01
T10102,12,Intellectual property products,2010Q1,-0.27,Level,2026-06-01
T10102,12,Intellectual property products,2010Q2,-0.08,Level,2026-06-01
T10102,12,Intellectual property products,2010Q3,0.3,Level,2026-06-01
T10102,12,Intellectual property products,2010Q4,0.29,Level,2026-06-01
T10102,12,Intellectual property products,2011Q1,0.16,Level,2026-06-01
T10102,12,Intellectual property products,2011Q2,0.26,Level,2026-06-01
T10102,12,Intellectual property products,2011Q3,0.32,Level,2026-06-01
T10102,12,Intellectual property products,2011Q4,0.37,Level,2026-06-01
T10102,12,Intellectual property products,2012Q1,0.03,Level,2026-06-01
T10102,12,Intellectual property products,2012Q2,0.21,Level,2026-06-01
T10102,12,Intellectual property products,2012Q3,0.03,Level,2026-06-01
T10102,12,Intellectual property products,2012Q4,0.31,Level,2026-06-01
T10102,12,Intellectual property products,2013Q1,0.54,Level,2026-06-01
T10102,12,Intellectual property products,2013Q2,-0.07,Level,2026-06-01
T10102,12,Intellectual property products,2013Q3,0.34,Level,2026-06-01
T10102,12,Intellectual property products,2013Q4,0.16,Level,2026-06-01
T10102,12,Intellectual property products,2014Q1,0.16,Level,2026-06-01
T10102,12,Intellectual property products,2014Q2,0.42,Level,2026-06-01
T10102,12,Intellectual property products,2014Q3,0.36,Level,2026-06-01
T10102,12,Intellectual property products,2014Q4,0.38,Level,2026-06-01
T10102,12,Intellectual property products,2015Q1,-0.1,Level,2026-06-01
T10102,12,Intellectual property products,2015Q2,0.09,Level,2026-06-01
T10102,12,Intellectual property products,2015Q3,0.27,Level,2026-06-01
T10102,12,Intellectual property products,2015Q4,0.46,Level,2026-06-01
T10102,12,Intellectual property products,2016Q1,0.53,Level,2026-06-01
T10102,12,Intellectual property products,2016Q2,0.44,Level,2026-06-01
T10102,12,Intellectual property products,2016Q3,0.36,Level,2026-06-01
T10102,12,Intellectual property products,2016Q4,0.2,Level,2026-06-01
T10102,12,Intellectual property products,2017Q1,0.4,Level,2026-06-01
T10102,12,Intellectual property products,2017Q2,0.13,Level,2026-06-01
T10102,12,Intellectual property products,2017Q3,0.4,Level,2026-06-01
T10102,12,Intellectual property products,2017Q4,0.37,Level,2026-06-01
T10102,12,Intellectual property products,2018Q1,0.4,Level,2026-06-01
T10102,12,Intellectual property products,2018Q2,0.54,Level,2026-06-01
T10102,12,Intellectual property products,2018Q3,0.33,Level,2026-06-01
T10102,12,Intellectual property products,2018Q4,0.54,Level,2026-06-01
T10102,12,Intellectual property products,2019Q1,0.2,Level,2026-06-01
T10102,12,Intellectual property products,2019Q2,0.42,Level,2026-06-01
T10102,12,Intellectual property products,2019Q3,0.39,Level,2026-06-01
T10102,12,Intellectual property products,2019Q4,0.49,Level,2026-06-01
T10102,12,Intellectual property products,2020Q1,0.32,Level,2026-06-01
T10102,12,Intellectual property products,2020Q2,-0.51,Level,2026-06-01
T10102,12,Intellectual property products,2020Q3,0.43,Level,2026-06-01
T10102,12,Intellectual property products,2020Q4,0.53,Level,2026-06-01
T10102,12,Intellectual property products,2021Q1,0.75,Level,2026-06-01
T10102,12,Intellectual property products,2021Q2,0.67,Level,2026-06-01
T10102,12,Intellectual property products,2021Q3,0.51,Level,2026-06-01
T10102,12,Intellectual property products,2021Q4,0.66,Level,2026-06-01
T10102,12,Intellectual property products,2022Q1,0.69,Level,2026-06-01
T10102,12,Intellectual property products,2022Q2,0.63,Level,2026-06-01
T10102,12,Intellectual property products,2022Q3,0.37,Level,2026-06-01
T10102,12,Intellectual property products,2022Q4,0.49,Level,2026-06-01
T10102,12,Intellectual property products,2023Q1,0.3,Level,2026-06-01
T10102,12,Intellectual property products,2023Q2,0.25,Level,2026-06-01
T10102,12,Intellectual property products,2023Q3,0.16,Level,2026-06-01
T10102,12,Intellectual property products,2023Q4,0.23,Level,2026-06-01
T10102,12,Intellectual property products,2024Q1,0.35,Level,2026-06-01
T10102,12,Intellectual property products,2024Q2,0.04,Level,2026-06-01
T10102,12,Intellectual property products,2024Q3,0.14,Level,2026-06-01
T10102,12,Intellectual property products,2024Q4,-0.03,Level,2026-06-01
T10102,12,Intellectual property products,2025Q1,0.34,Level,2026-06-01
T10102,12,Intellectual property products,2025Q2,0.78,Level,2026-06-01
T10102,12,Intellectual property products,2025Q3,0.31,Level,2026-06-01
T10102,12,Intellectual property products,2025Q4,0.29,Level,2026-06-01
T10102,12,Intellectual property products,2026Q1,0.63,Level,2026-06-01
T10102,13,Residential,2010Q1,-0.34,Level,2026-06-01
T10102,13,Residential,2010Q2,0.53,Level,2026-06-01
T10102,13,Residential,2010Q3,-0.93,Level,2026-06-01
T10102,13,Residential,2010Q4,0.16,Level,2026-06-01
T10102,13,Residential,2011Q1,-0.03,Level,2026-06-01
T10102,13,Residential,2011Q2,0.11,Level,2026-06-01
T10102,13,Residential,2011Q3,0.17,Level,2026-06-01
T10102,13,Residential,2011Q4,0.25,Level,2026-06-01
T10102,13,Residential,2012Q1,0.6,Level,2026-06-01
T10102,13,Residential,2012Q2,0.09,Level,2026-06-01
T10102,13,Residential,2012Q3,0.27,Level,2026-06-01
T10102,13,Residential,2012Q4,0.56,Level,2026-06-01
T10102,13,Residential,2013Q1,0.43,Level,2026-06-01
T10102,13,Residential,2013Q2,0.4,Level,2026-06-01
T10102,13,Residential,2013Q3,0.22,Level,2026-06-01
T10102,13,Residential,2013Q4,-0.2,Level,2026-06-01
T10102,13,Residential,2014Q1,-0.05,Level,2026-06-01
T10102,13,Residential,2014Q2,0.41,Level,2026-06-01
T10102,13,Residential,2014Q3,0.19,Level,2026-06-01
T10102,13,Residential,2014Q4,0.46,Level,2026-06-01
T10102,13,Residential,2015Q1,0.26,Level,2026-06-01
T10102,13,Residential,2015Q2,0.36,Level,2026-06-01
T10102,13,Residential,2015Q3,0.44,Level,2026-06-01
T10102,13,Residential,2015Q4,0.22,Level,2026-06-01
T10102,13,Residential,2016Q1,0.46,Level,2026-06-01
T10102,13,Residential,2016Q2,0.05,Level,2026-06-01
T10102,13,Residential,2016Q3,-0.04,Level,2026-06-01
T10102,13,Residential,2016Q4,0.2,Level,2026-06-01
T10102,13,Residential,2017Q1,0.36,Level,2026-06-01
T10102,13,Residential,2017Q2,0.09,Level,2026-06-01
T10102,13,Residential,2017Q3,0.01,Level,2026-06-01
T10102,13,Residential,2017Q4,0.32,Level,2026-06-01
T10102,13,Residential,2018Q1,-0.3,Level,2026-06-01
T10102,13,Residential,2018Q2,0.11,Level,2026-06-01
T10102,13,Residential,2018Q3,-0.15,Level,2026-06-01
T10102,13,Residential,2018Q4,-0.32,Level,2026-06-01
T10102,13,Residential,2019Q1,-0.17,Level,2026-06-01
T10102,13,Residential,2019Q2,0.26,Level,2026-06-01
T10102,13,Residential,2019Q3,0.22,Level,2026-06-01
T10102,13,Residential,2019Q4,0.05,Level,2026-06-01
T10102,13,Residential,2020Q1,0.44,Level,2026-06-01
T10102,13,Residential,2020Q2,-1.07,Level,2026-06-01
T10102,13,Residential,2020Q3,2.39,Level,2026-06-01
T10102,13,Residential,2020Q4,1.25,Level,2026-06-01
T10102,13,Residential,2021Q1,0.26,Level,2026-06-01
T10102,13,Residential,2021Q2,-0.21,Level,2026-06-01
T10102,13,Residential,2021Q3,-0.04,Level,2026-06-01
T10102,13,Residential,2021Q4,0.13,Level,2026-06-01
T10102,13,Residential,2022Q1,-0.35,Level,2026-06-01
T10102,13,Residential,2022Q2,-0.56,Level,2026-06-01
T10102,13,Residential,2022Q3,-1.2,Level,2026-06-01
T10102,13,Residential,2022Q4,-1.03,Level,2026-06-01
T10102,13,Residential,2023Q1,-0.28,Level,2026-06-01
T10102,13,Residential,2023Q2,0.16,Level,2026-06-01
T10102,13,Residential,2023Q3,0.44,Level,2026-06-01
T10102,13,Residential,2023Q4,0.06,Level,2026-06-01
T10102,13,Residential,2024Q1,0.32,Level,2026-06-01
T10102,13,Residential,2024Q2,-0.08,Level,2026-06-01
T10102,13,Residential,2024Q3,-0.2,Level,2026-06-01
T10102,13,Residential,2024Q4,0.17,Level,2026-06-01
T10102,13,Residential,2025Q1,-0.04,Level,2026-06-01
T10102,13,Residential,2025Q2,-0.21,Level,2026-06-01
T10102,13,Residential,2025Q3,-0.29,Level,2026-06-01
T10102,13,Residential,2025Q4,-0.06,Level,2026-06-01
T10102,13,Residential,2026Q1,-0.24,Level,2026-06-01
T10102,14,Change in private inventories,2010Q1,1.25,Level,2026-06-01
T10102,14,Change in private inventories,2010Q2,0.93,Level,2026-06-01
T10102,14,Change in private inventories,2010Q3,2.25,Level,2026-06-01
T10102,14,Change in private inventories,2010Q4,-1.25,Level,2026-06-01
T10102,14,Change in private inventories,2011Q1,-1.05,Level,2026-06-01
T10102,14,Change in private inventories,2011Q2,0.98,Level,2026-06-01
T10102,14,Change in private inventories,2011Q3,-2.18,Level,2026-06-01
T10102,14,Change in private inventories,2011Q4,3.05,Level,2026-06-01
T10102,14,Change in private inventories,2012Q1,-0.48,Level,2026-06-01
T10102,14,Change in private inventories,2012Q2,0.19,Level,2026-06-01
T10102,14,Change in private inventories,2012Q3,0.08,Level,2026-06-01
T10102,14,Change in private inventories,2012Q4,-1.68,Level,2026-06-01
T10102,14,Change in private inventories,2013Q1,1.31,Level,2026-06-01
T10102,14,Change in private inventories,2013Q2,0.19,Level,2026-06-01
T10102,14,Change in private inventories,2013Q3,1.52,Level,2026-06-01
T10102,14,Change in private inventories,2013Q4,-0.37,Level,2026-06-01
T10102,14,Change in private inventories,2014Q1,-1.44,Level,2026-06-01
T10102,14,Change in private inventories,2014Q2,0.89,Level,2026-06-01
T10102,14,Change in private inventories,2014Q3,0.28,Level,2026-06-01
T10102,14,Change in private inventories,2014Q4,-0.7,Level,2026-06-01
T10102,14,Change in private inventories,2015Q1,2.19,Level,2026-06-01
T10102,14,Change in private inventories,2015Q2,-0.45,Level,2026-06-01
T10102,14,Change in private inventories,2015Q3,-0.61,Level,2026-06-01
T10102,14,Change in private inventories,2015Q4,-0.41,Level,2026-06-01
T10102,14,Change in private inventories,2016Q1,-0.8,Level,2026-06-01
T10102,14,Change in private inventories,2016Q2,-0.8,Level,2026-06-01
T10102,14,Change in private inventories,2016Q3,-0.47,Level,2026-06-01
T10102,14,Change in private inventories,2016Q4,1.25,Level,2026-06-01
T10102,14,Change in private inventories,2017Q1,-1.1,Level,2026-06-01
T10102,14,Change in private inventories,2017Q2,0.39,Level,2026-06-01
T10102,14,Change in private inventories,2017Q3,0.63,Level,2026-06-01
T10102,14,Change in private inventories,2017Q4,-0.28,Level,2026-06-01
T10102,14,Change in private inventories,2018Q1,-0.14,Level,2026-06-01
T10102,14,Change in private inventories,2018Q2,-0.74,Level,2026-06-01
T10102,14,Change in private inventories,2018Q3,1.99,Level,2026-06-01
T10102,14,Change in private inventories,2018Q4,-0.11,Level,2026-06-01
T10102,14,Change in private inventories,2019Q1,0.46,Level,2026-06-01
T10102,14,Change in private inventories,2019Q2,-0.62,Level,2026-06-01
T10102,14,Change in private inventories,2019Q3,-0.18,Level,2026-06-01
T10102,14,Change in private inventories,2019Q4,-0.78,Level,2026-06-01
T10102,14,Change in private inventories,2020Q1,-1.28,Level,2026-06-01
T10102,14,Change in private inventories,2020Q2,-3.69,Level,2026-06-01
T10102,14,Change in private inventories,2020Q3,8.46,Level,2026-06-01
T10102,14,Change in private inventories,2020Q4,-0.29,Level,2026-06-01
T10102,14,Change in private inventories,2021Q1,-1.88,Level,2026-06-01
T10102,14,Change in private inventories,2021Q2,-1.87,Level,2026-06-01
T10102,14,Change in private inventories,2021Q3,2.82,Level,2026-06-01
T10102,14,Change in private inventories,2021Q4,4.15,Level,2026-06-01
T10102,14,Change in private inventories,2022Q1,0.3,Level,2026-06-01
T10102,14,Change in private inventories,2022Q2,-2.03,Level,2026-06-01
T10102,14,Change in private inventories,2022Q3,-0.86,Level,2026-06-01
T10102,14,Change in private inventories,2022Q4,1.52,Level,2026-06-01
T10102,14,Change in private inventories,2023Q1,-2.18,Level,2026-06-01
T10102,14,Change in private inventories,2023Q2,-0.36,Level,2026-06-01
T10102,14,Change in private inventories,2023Q3,0.97,Level,2026-06-01
T10102,14,Change in private inventories,2023Q4,-0.17,Level,2026-06-01
T10102,14,Change in private inventories,2024Q1,-0.83,Level,2026-06-01
T10102,14,Change in private inventories,2024Q2,1.17,Level,2026-06-01
T10102,14,Change in private inventories,2024Q3,-0.11,Level,2026-06-01
T10102,14,Change in private inventories,2024Q4,-0.91,Level,2026-06-01
T10102,14,Change in private inventories,2025Q1,2.58,Level,2026-06-01
T10102,14,Change in private inventories,2025Q2,-3.44,Level,2026-06-01
T10102,14,Change in private inventories,2025Q3,-0.12,Level,2026-06-01
T10102,14,Change in private inventories,2025Q4,0.14,Level,2026-06-01
T10102,14,Change in private inventories,2026Q1,0.08,Level,2026-06-01
T10102,15,Net exports of goods and services,2010Q1,-0.45,Level,2026-06-01
T10102,15,Net exports of goods and services,2010Q2,-1.73,Level,2026-06-01
T10102,15,Net exports of goods and services,2010Q3,-0.81,Level,2026-06-01
T10102,15,Net exports of goods and services,2010Q4,1.12,Level,2026-06-01
T10102,15,Net exports of goods and services,2011Q1,0.11,Level,2026-06-01
T10102,15,Net exports of goods and services,2011Q2,0.65,Level,2026-06-01
T10102,15,Net exports of goods and services,2011Q3,-0.01,Level,2026-06-01
T10102,15,Net exports of goods and services,2011Q4,-0.46,Level,2026-06-01
T10102,15,Net exports of goods and services,2012Q1,0.36,Level,2026-06-01
T10102,15,Net exports of goods and services,2012Q2,0.3,Level,2026-06-01
T10102,15,Net exports of goods and services,2012Q3,-0.03,Level,2026-06-01
T10102,15,Net exports of goods and services,2012Q4,0.68,Level,2026-06-01
T10102,15,Net exports of goods and services,2013Q1,0.33,Level,2026-06-01
T10102,15,Net exports of goods and services,2013Q2,-0.48,Level,2026-06-01
T10102,15,Net exports of goods and services,2013Q3,-0.01,Level,2026-06-01
T10102,15,Net exports of goods and services,2013Q4,1.04,Level,2026-06-01
T10102,15,Net exports of goods and services,2014Q1,-1.36,Level,2026-06-01
T10102,15,Net exports of goods and services,2014Q2,-0.3,Level,2026-06-01
T10102,15,Net exports of goods and services,2014Q3,0.12,Level,2026-06-01
T10102,15,Net exports of goods and services,2014Q4,-1.23,Level,2026-06-01
T10102,15,Net exports of goods and services,2015Q1,-1.34,Level,2026-06-01
T10102,15,Net exports of goods and services,2015Q2,-0.34,Level,2026-06-01
T10102,15,Net exports of goods and services,2015Q3,-0.82,Level,2026-06-01
T10102,15,Net exports of goods and services,2015Q4,-0.24,Level,2026-06-01
T10102,15,Net exports of goods and services,2016Q1,-0.06,Level,2026-06-01
T10102,15,Net exports of goods and services,2016Q2,0.3,Level,2026-06-01
T10102,15,Net exports of goods and services,2016Q3,0.37,Level,2026-06-01
T10102,15,Net exports of goods and services,2016Q4,-1.17,Level,2026-06-01
T10102,15,Net exports of goods and services,2017Q1,0.28,Level,2026-06-01
T10102,15,Net exports of goods and services,2017Q2,-0.38,Level,2026-06-01
T10102,15,Net exports of goods and services,2017Q3,0.08,Level,2026-06-01
T10102,15,Net exports of goods and services,2017Q4,-0.38,Level,2026-06-01
T10102,15,Net exports of goods and services,2018Q1,0.07,Level,2026-06-01
T10102,15,Net exports of goods and services,2018Q2,0.19,Level,2026-06-01
T10102,15,Net exports of goods and services,2018Q3,-1.47,Level,2026-06-01
T10102,15,Net exports of goods and services,2018Q4,-0.43,Level,2026-06-01
T10102,15,Net exports of goods and services,2019Q1,0.49,Level,2026-06-01
T10102,15,Net exports of goods and services,2019Q2,-0.56,Level,2026-06-01
T10102,15,Net exports of goods and services,2019Q3,0.3,Level,2026-06-01
T10102,15,Net exports of goods and services,2019Q4,1.4,Level,2026-06-01
T10102,15,Net exports of goods and services,2020Q1,0.34,Level,2026-06-01
T10102,15,Net exports of goods and services,2020Q2,0.74,Level,2026-06-01
T10102,15,Net exports of goods and services,2020Q3,-2.5,Level,2026-06-01
T10102,15,Net exports of goods and services,2020Q4,-1.53,Level,2026-06-01
T10102,15,Net exports of goods and services,2021Q1,-1.01,Level,2026-06-01
T10102,15,Net exports of goods and services,2021Q2,-0.81,Level,2026-06-01
T10102,15,Net exports of goods and services,2021Q3,-0.96,Level,2026-06-01
T10102,15,Net exports of goods and services,2021Q4,-0.29,Level,2026-06-01
T10102,15,Net exports of goods and services,2022Q1,-2.15,Level,2026-06-01
T10102,15,Net exports of goods and services,2022Q2,0.38,Level,2026-06-01
T10102,15,Net exports of goods and services,2022Q3,2.63,Level,2026-06-01
T10102,15,Net exports of goods and services,2022Q4,0.14,Level,2026-06-01
T10102,15,Net exports of goods and services,2023Q1,0.58,Level,2026-06-01
T10102,15,Net exports of goods and services,2023Q2,-0.3,Level,2026-06-01
T10102,15,Net exports of goods and services,2023Q3,0.09,Level,2026-06-01
T10102,15,Net exports of goods and services,2023Q4,-0.06,Level,2026-06-01
T10102,15,Net exports of goods and services,2024Q1,-0.42,Level,2026-06-01
T10102,15,Net exports of goods and services,2024Q2,-1.04,Level,2026-06-01
T10102,15,Net exports of goods and services,2024Q3,-0.41,Level,2026-06-01
T10102,15,Net exports of goods and services,2024Q4,-0.06,Level,2026-06-01
T10102,15,Net exports of goods and services,2025Q1,-4.68,Level,2026-06-01
T10102,15,Net exports of goods and services,2025Q2,4.83,Level,2026-06-01
T10102,15,Net exports of goods and services,2025Q3,1.62,Level,2026-06-01
T10102,15,Net exports of goods and services,2025Q4,-0.22,Level,2026-06-01
T10102,15,Net exports of goods and services,2026Q1,-1.25,Level,2026-06-01
T10102,16,Exports,2010Q1,1.05,Level,2026-06-01
T10102,16,Exports,2010Q2,1.06,Level,2026-06-01
T10102,16,Exports,2010Q3,1.39,Level,2026-06-01
T10102,16,Exports,2010Q4,1.36,Level,2026-06-01
T10102,16,Exports,2011Q1,0.44,Level,2026-06-01
T10102,16,Exports,2011Q2,0.9,Level,2026-06-01
T10102,16,Exports,2011Q3,0.75,Level,2026-06-01
T10102,16,Exports,2011Q4,0.43,Level,2026-06-01
T10102,16,Exports,2012Q1,0.68,Level,2026-06-01
T10102,16,Exports,2012Q2,0.54,Level,2026-06-01
T10102,16,Exports,2012Q3,0.33,Level,2026-06-01
T10102,16,Exports,2012Q4,0.05,Level,2026-06-01
T10102,16,Exports,2013Q1,0.28,Level,2026-06-01
T10102,16,Exports,2013Q2,0.48,Level,2026-06-01
T10102,16,Exports,2013Q3,0.45,Level,2026-06-01
T10102,16,Exports,2013Q4,1.54,Level,2026-06-01
T10102,16,Exports,2014Q1,-0.54,Level,2026-06-01
T10102,16,Exports,2014Q2,1.18,Level,2026-06-01
T10102,16,Exports,2014Q3,0.23,Level,2026-06-01
T10102,16,Exports,2014Q4,0.45,Level,2026-06-01
T10102,16,Exports,2015Q1,-0.4,Level,2026-06-01
T10102,16,Exports,2015Q2,0.14,Level,2026-06-01
T10102,16,Exports,2015Q3,-0.41,Level,2026-06-01
T10102,16,Exports,2015Q4,-0.07,Level,2026-06-01
T10102,16,Exports,2016Q1,-0.15,Level,2026-06-01
T10102,16,Exports,2016Q2,0.36,Level,2026-06-01
T10102,16,Exports,2016Q3,0.78,Level,2026-06-01
T10102,16,Exports,2016Q4,-0.35,Level,2026-06-01
T10102,16,Exports,2017Q1,1.17,Level,2026-06-01
T10102,16,Exports,2017Q2,0.18,Level,2026-06-01
T10102,16,Exports,2017Q3,0.3,Level,2026-06-01
T10102,16,Exports,2017Q4,1.28,Level,2026-06-01
T10102,16,Exports,2018Q1,0.33,Level,2026-06-01
T10102,16,Exports,2018Q2,0.27,Level,2026-06-01
T10102,16,Exports,2018Q3,-0.62,Level,2026-06-01
T10102,16,Exports,2018Q4,0.19,Level,2026-06-01
T10102,16,Exports,2019Q1,0.44,Level,2026-06-01
T10102,16,Exports,2019Q2,-0.24,Level,2026-06-01
T10102,16,Exports,2019Q3,0.05,Level,2026-06-01
T10102,16,Exports,2019Q4,0.34,Level,2026-06-01
T10102,16,Exports,2020Q1,-1.62,Level,2026-06-01
T10102,16,Exports,2020Q2,-8.71,Level,2026-06-01
T10102,16,Exports,2020Q3,4.86,Level,2026-06-01
T10102,16,Exports,2020Q4,2.34,Level,2026-06-01
T10102,16,Exports,2021Q1,0.07,Level,2026-06-01
T10102,16,Exports,2021Q2,0.43,Level,2026-06-01
T10102,16,Exports,2021Q3,-0.03,Level,2026-06-01
T10102,16,Exports,2021Q4,2.57,Level,2026-06-01
T10102,16,Exports,2022Q1,-0.44,Level,2026-06-01
T10102,16,Exports,2022Q2,1.45,Level,2026-06-01
T10102,16,Exports,2022Q3,1.7,Level,2026-06-01
T10102,16,Exports,2022Q4,-0.33,Level,2026-06-01
T10102,16,Exports,2023Q1,0.43,Level,2026-06-01
T10102,16,Exports,2023Q2,-0.6,Level,2026-06-01
T10102,16,Exports,2023Q3,0.49,Level,2026-06-01
T10102,16,Exports,2023Q4,0.66,Level,2026-06-01
T10102,16,Exports,2024Q1,0.49,Level,2026-06-01
T10102,16,Exports,2024Q2,0.08,Level,2026-06-01
T10102,16,Exports,2024Q3,0.95,Level,2026-06-01
T10102,16,Exports,2024Q4,-0.1,Level,2026-06-01
T10102,16,Exports,2025Q1,0.02,Level,2026-06-01
T10102,16,Exports,2025Q2,-0.2,Level,2026-06-01
T10102,16,Exports,2025Q3,1.0,Level,2026-06-01
T10102,16,Exports,2025Q4,-0.35,Level,2026-06-01
T10102,16,Exports,2026Q1,1.34,Level,2026-06-01
T10102,17,Goods,2010Q1,0.93,Level,2026-06-01
T10102,17,Goods,2010Q2,0.95,Level,2026-06-01
T10102,17,Goods,2010Q3,0.79,Level,2026-06-01
T10102,17,Goods,2010Q4,0.99,Level,2026-06-01
T10102,17,Goods,2011Q1,0.37,Level,2026-06-01
T10102,17,Goods,2011Q2,0.56,Level,2026-06-01
T10102,17,Goods,2011Q3,0.35,Level,2026-06-01
T10102,17,Goods,2011Q4,0.83,Level,2026-06-01
T10102,17,Goods,2012Q1,0.2,Level,2026-06-01
T10102,17,Goods,2012Q2,0.46,Level,2026-06-01
T10102,17,Goods,2012Q3,0.22,Level,2026-06-01
T10102,17,Goods,2012Q4,-0.39,Level,2026-06-01
T10102,17,Goods,2013Q1,0.24,Level,2026-06-01
T10102,17,Goods,2013Q2,0.56,Level,2026-06-01
T10102,17,Goods,2013Q3,0.19,Level,2026-06-01
T10102,17,Goods,2013Q4,1.4,Level,2026-06-01
T10102,17,Goods,2014Q1,-0.67,Level,2026-06-01
T10102,17,Goods,2014Q2,0.97,Level,2026-06-01
T10102,17,Goods,2014Q3,0.38,Level,2026-06-01
T10102,17,Goods,2014Q4,0.31,Level,2026-06-01
T10102,17,Goods,2015Q1,-0.66,Level,2026-06-01
T10102,17,Goods,2015Q2,0.22,Level,2026-06-01
T10102,17,Goods,2015Q3,-0.34,Level,2026-06-01
T10102,17,Goods,2015Q4,-0.2,Level,2026-06-01
T10102,17,Goods,2016Q1,0.14,Level,2026-06-01
T10102,17,Goods,2016Q2,-0.01,Level,2026-06-01
T10102,17,Goods,2016Q3,0.56,Level,2026-06-01
T10102,17,Goods,2016Q4,0.04,Level,2026-06-01
T10102,17,Goods,2017Q1,0.7,Level,2026-06-01
T10102,17,Goods,2017Q2,-0.07,Level,2026-06-01
T10102,17,Goods,2017Q3,0.15,Level,2026-06-01
T10102,17,Goods,2017Q4,1.16,Level,2026-06-01
T10102,17,Goods,2018Q1,0.16,Level,2026-06-01
T10102,17,Goods,2018Q2,0.71,Level,2026-06-01
T10102,17,Goods,2018Q3,-0.66,Level,2026-06-01
T10102,17,Goods,2018Q4,0.29,Level,2026-06-01
T10102,17,Goods,2019Q1,0.27,Level,2026-06-01
T10102,17,Goods,2019Q2,-0.59,Level,2026-06-01
T10102,17,Goods,2019Q3,0.27,Level,2026-06-01
T10102,17,Goods,2019Q4,0.17,Level,2026-06-01
T10102,17,Goods,2020Q1,-0.37,Level,2026-06-01
T10102,17,Goods,2020Q2,-6.49,Level,2026-06-01
T10102,17,Goods,2020Q3,4.85,Level,2026-06-01
T10102,17,Goods,2020Q4,1.68,Level,2026-06-01
T10102,17,Goods,2021Q1,-0.08,Level,2026-06-01
T10102,17,Goods,2021Q2,0.14,Level,2026-06-01
T10102,17,Goods,2021Q3,-0.3,Level,2026-06-01
T10102,17,Goods,2021Q4,1.91,Level,2026-06-01
T10102,17,Goods,2022Q1,-0.65,Level,2026-06-01
T10102,17,Goods,2022Q2,0.98,Level,2026-06-01
T10102,17,Goods,2022Q3,1.3,Level,2026-06-01
T10102,17,Goods,2022Q4,-0.45,Level,2026-06-01
T10102,17,Goods,2023Q1,0.46,Level,2026-06-01
T10102,17,Goods,2023Q2,-0.81,Level,2026-06-01
T10102,17,Goods,2023Q3,0.43,Level,2026-06-01
T10102,17,Goods,2023Q4,0.45,Level,2026-06-01
T10102,17,Goods,2024Q1,-0.01,Level,2026-06-01
T10102,17,Goods,2024Q2,0.03,Level,2026-06-01
T10102,17,Goods,2024Q3,0.58,Level,2026-06-01
T10102,17,Goods,2024Q4,-0.28,Level,2026-06-01
T10102,17,Goods,2025Q1,0.42,Level,2026-06-01
T10102,17,Goods,2025Q2,-0.33,Level,2026-06-01
T10102,17,Goods,2025Q3,0.57,Level,2026-06-01
T10102,17,Goods,2025Q4,-0.12,Level,2026-06-01
T10102,17,Goods,2026Q1,1.2,Level,2026-06-01
T10102,18,Services,2010Q1,0.12,Level,2026-06-01
T10102,18,Services,2010Q2,0.11,Level,2026-06-01
T10102,18,Services,2010Q3,0.6,Level,2026-06-01
T10102,18,Services,2010Q4,0.37,Level,2026-06-01
T10102,18,Services,2011Q1,0.06,Level,2026-06-01
T10102,18,Services,2011Q2,0.35,Level,2026-06-01
T10102,18,Services,2011Q3,0.4,Level,2026-06-01
T10102,18,Services,2011Q4,-0.4,Level,2026-06-01
T10102,18,Services,2012Q1,0.48,Level,2026-06-01
T10102,18,Services,2012Q2,0.08,Level,2026-06-01
T10102,18,Services,2012Q3,0.11,Level,2026-06-01
T10102,18,Services,2012Q4,0.44,Level,2026-06-01
T10102,18,Services,2013Q1,0.04,Level,2026-06-01
T10102,18,Services,2013Q2,-0.08,Level,2026-06-01
T10102,18,Services,2013Q3,0.26,Level,2026-06-01
T10102,18,Services,2013Q4,0.14,Level,2026-06-01
T10102,18,Services,2014Q1,0.13,Level,2026-06-01
T10102,18,Services,2014Q2,0.21,Level,2026-06-01
T10102,18,Services,2014Q3,-0.14,Level,2026-06-01
T10102,18,Services,2014Q4,0.14,Level,2026-06-01
T10102,18,Services,2015Q1,0.26,Level,2026-06-01
T10102,18,Services,2015Q2,-0.08,Level,2026-06-01
T10102,18,Services,2015Q3,-0.07,Level,2026-06-01
T10102,18,Services,2015Q4,0.12,Level,2026-06-01
T10102,18,Services,2016Q1,-0.29,Level,2026-06-01
T10102,18,Services,2016Q2,0.37,Level,2026-06-01
T10102,18,Services,2016Q3,0.22,Level,2026-06-01
T10102,18,Services,2016Q4,-0.39,Level,2026-06-01
T10102,18,Services,2017Q1,0.48,Level,2026-06-01
T10102,18,Services,2017Q2,0.25,Level,2026-06-01
T10102,18,Services,2017Q3,0.15,Level,2026-06-01
T10102,18,Services,2017Q4,0.12,Level,2026-06-01
T10102,18,Services,2018Q1,0.17,Level,2026-06-01
T10102,18,Services,2018Q2,-0.44,Level,2026-06-01
T10102,18,Services,2018Q3,0.04,Level,2026-06-01
T10102,18,Services,2018Q4,-0.1,Level,2026-06-01
T10102,18,Services,2019Q1,0.17,Level,2026-06-01
T10102,18,Services,2019Q2,0.36,Level,2026-06-01
T10102,18,Services,2019Q3,-0.22,Level,2026-06-01
T10102,18,Services,2019Q4,0.17,Level,2026-06-01
T10102,18,Services,2020Q1,-1.25,Level,2026-06-01
T10102,18,Services,2020Q2,-2.22,Level,2026-06-01
T10102,18,Services,2020Q3,0.01,Level,2026-06-01
T10102,18,Services,2020Q4,0.66,Level,2026-06-01
T10102,18,Services,2021Q1,0.15,Level,2026-06-01
T10102,18,Services,2021Q2,0.29,Level,2026-06-01
T10102,18,Services,2021Q3,0.26,Level,2026-06-01
T10102,18,Services,2021Q4,0.66,Level,2026-06-01
T10102,18,Services,2022Q1,0.2,Level,2026-06-01
T10102,18,Services,2022Q2,0.47,Level,2026-06-01
T10102,18,Services,2022Q3,0.39,Level,2026-06-01
T10102,18,Services,2022Q4,0.11,Level,2026-06-01
T10102,18,Services,2023Q1,-0.03,Level,2026-06-01
T10102,18,Services,2023Q2,0.21,Level,2026-06-01
T10102,18,Services,2023Q3,0.06,Level,2026-06-01
T10102,18,Services,2023Q4,0.21,Level,2026-06-01
T10102,18,Services,2024Q1,0.5,Level,2026-06-01
T10102,18,Services,2024Q2,0.05,Level,2026-06-01
T10102,18,Services,2024Q3,0.37,Level,2026-06-01
T10102,18,Services,2024Q4,0.18,Level,2026-06-01
T10102,18,Services,2025Q1,-0.4,Level,2026-06-01
T10102,18,Services,2025Q2,0.13,Level,2026-06-01
T10102,18,Services,2025Q3,0.43,Level,2026-06-01
T10102,18,Services,2025Q4,-0.23,Level,2026-06-01
T10102,18,Services,2026Q1,0.14,Level,2026-06-01
T10102,19,Imports,2010Q1,-1.51,Level,2026-06-01
T10102,19,Imports,2010Q2,-2.79,Level,2026-06-01
T10102,19,Imports,2010Q3,-2.2,Level,2026-06-01
T10102,19,Imports,2010Q4,-0.24,Level,2026-06-01
T10102,19,Imports,2011Q1,-0.33,Level,2026-06-01
T10102,19,Imports,2011Q2,-0.25,Level,2026-06-01
T10102,19,Imports,2011Q3,-0.76,Level,2026-06-01
T10102,19,Imports,2011Q4,-0.89,Level,2026-06-01
T10102,19,Imports,2012Q1,-0.32,Level,2026-06-01
T10102,19,Imports,2012Q2,-0.24,Level,2026-06-01
T10102,19,Imports,2012Q3,-0.36,Level,2026-06-01
T10102,19,Imports,2012Q4,0.63,Level,2026-06-01
T10102,19,Imports,2013Q1,0.05,Level,2026-06-01
T10102,19,Imports,2013Q2,-0.96,Level,2026-06-01
T10102,19,Imports,2013Q3,-0.47,Level,2026-06-01
T10102,19,Imports,2013Q4,-0.5,Level,2026-06-01
T10102,19,Imports,2014Q1,-0.82,Level,2026-06-01
T10102,19,Imports,2014Q2,-1.48,Level,2026-06-01
T10102,19,Imports,2014Q3,-0.11,Level,2026-06-01
T10102,19,Imports,2014Q4,-1.68,Level,2026-06-01
T10102,19,Imports,2015Q1,-0.94,Level,2026-06-01
T10102,19,Imports,2015Q2,-0.48,Level,2026-06-01
T10102,19,Imports,2015Q3,-0.41,Level,2026-06-01
T10102,19,Imports,2015Q4,-0.16,Level,2026-06-01
T10102,19,Imports,2016Q1,0.09,Level,2026-06-01
T10102,19,Imports,2016Q2,-0.06,Level,2026-06-01
T10102,19,Imports,2016Q3,-0.41,Level,2026-06-01
T10102,19,Imports,2016Q4,-0.82,Level,2026-06-01
T10102,19,Imports,2017Q1,-0.9,Level,2026-06-01
T10102,19,Imports,2017Q2,-0.56,Level,2026-06-01
T10102,19,Imports,2017Q3,-0.22,Level,2026-06-01
T10102,19,Imports,2017Q4,-1.66,Level,2026-06-01
T10102,19,Imports,2018Q1,-0.26,Level,2026-06-01
T10102,19,Imports,2018Q2,-0.08,Level,2026-06-01
T10102,19,Imports,2018Q3,-0.85,Level,2026-06-01
T10102,19,Imports,2018Q4,-0.63,Level,2026-06-01
T10102,19,Imports,2019Q1,0.05,Level,2026-06-01
T10102,19,Imports,2019Q2,-0.32,Level,2026-06-01
T10102,19,Imports,2019Q3,0.26,Level,2026-06-01
T10102,19,Imports,2019Q4,1.06,Level,2026-06-01
T10102,19,Imports,2020Q1,1.96,Level,2026-06-01
T10102,19,Imports,2020Q2,9.45,Level,2026-06-01
T10102,19,Imports,2020Q3,-7.36,Level,2026-06-01
T10102,19,Imports,2020Q4,-3.88,Level,2026-06-01
T10102,19,Imports,2021Q1,-1.08,Level,2026-06-01
T10102,19,Imports,2021Q2,-1.23,Level,2026-06-01
T10102,19,Imports,2021Q3,-0.93,Level,2026-06-01
T10102,19,Imports,2021Q4,-2.86,Level,2026-06-01
T10102,19,Imports,2022Q1,-1.71,Level,2026-06-01
T10102,19,Imports,2022Q2,-1.07,Level,2026-06-01
T10102,19,Imports,2022Q3,0.94,Level,2026-06-01
T10102,19,Imports,2022Q4,0.47,Level,2026-06-01
T10102,19,Imports,2023Q1,0.14,Level,2026-06-01
T10102,19,Imports,2023Q2,0.3,Level,2026-06-01
T10102,19,Imports,2023Q3,-0.4,Level,2026-06-01
T10102,19,Imports,2023Q4,-0.72,Level,2026-06-01
T10102,19,Imports,2024Q1,-0.91,Level,2026-06-01
T10102,19,Imports,2024Q2,-1.11,Level,2026-06-01
T10102,19,Imports,2024Q3,-1.36,Level,2026-06-01
T10102,19,Imports,2024Q4,0.03,Level,2026-06-01
T10102,19,Imports,2025Q1,-4.7,Level,2026-06-01
T10102,19,Imports,2025Q2,5.03,Level,2026-06-01
T10102,19,Imports,2025Q3,0.62,Level,2026-06-01
T10102,19,Imports,2025Q4,0.13,Level,2026-06-01
T10102,19,Imports,2026Q1,-2.59,Level,2026-06-01
T10102,20,Goods,2010Q1,-1.47,Level,2026-06-01
T10102,20,Goods,2010Q2,-2.72,Level,2026-06-01
T10102,20,Goods,2010Q3,-1.93,Level,2026-06-01
T10102,20,Goods,2010Q4,-0.28,Level,2026-06-01
T10102,20,Goods,2011Q1,-0.54,Level,2026-06-01
T10102,20,Goods,2011Q2,0.01,Level,2026-06-01
T10102,20,Goods,2011Q3,-0.58,Level,2026-06-01
T10102,20,Goods,2011Q4,-0.96,Level,2026-06-01
T10102,20,Goods,2012Q1,-0.28,Level,2026-06-01
T10102,20,Goods,2012Q2,-0.18,Level,2026-06-01
T10102,20,Goods,2012Q3,-0.35,Level,2026-06-01
T10102,20,Goods,2012Q4,0.54,Level,2026-06-01
T10102,20,Goods,2013Q1,-0.28,Level,2026-06-01
T10102,20,Goods,2013Q2,-0.9,Level,2026-06-01
T10102,20,Goods,2013Q3,-0.46,Level,2026-06-01
T10102,20,Goods,2013Q4,-0.36,Level,2026-06-01
T10102,20,Goods,2014Q1,-0.65,Level,2026-06-01
T10102,20,Goods,2014Q2,-1.5,Level,2026-06-01
T10102,20,Goods,2014Q3,-0.12,Level,2026-06-01
T10102,20,Goods,2014Q4,-1.35,Level,2026-06-01
T10102,20,Goods,2015Q1,-1.14,Level,2026-06-01
T10102,20,Goods,2015Q2,-0.38,Level,2026-06-01
T10102,20,Goods,2015Q3,-0.24,Level,2026-06-01
T10102,20,Goods,2015Q4,0.11,Level,2026-06-01
T10102,20,Goods,2016Q1,0.02,Level,2026-06-01
T10102,20,Goods,2016Q2,-0.02,Level,2026-06-01
T10102,20,Goods,2016Q3,-0.23,Level,2026-06-01
T10102,20,Goods,2016Q4,-0.96,Level,2026-06-01
T10102,20,Goods,2017Q1,-0.58,Level,2026-06-01
T10102,20,Goods,2017Q2,-0.37,Level,2026-06-01
T10102,20,Goods,2017Q3,0.16,Level,2026-06-01
T10102,20,Goods,2017Q4,-1.78,Level,2026-06-01
T10102,20,Goods,2018Q1,-0.51,Level,2026-06-01
T10102,20,Goods,2018Q2,-0.11,Level,2026-06-01
T10102,20,Goods,2018Q3,-0.87,Level,2026-06-01
T10102,20,Goods,2018Q4,-0.34,Level,2026-06-01
T10102,20,Goods,2019Q1,0.27,Level,2026-06-01
T10102,20,Goods,2019Q2,-0.23,Level,2026-06-01
T10102,20,Goods,2019Q3,0.19,Level,2026-06-01
T10102,20,Goods,2019Q4,1.01,Level,2026-06-01
T10102,20,Goods,2020Q1,1.25,Level,2026-06-01
T10102,20,Goods,2020Q2,6.87,Level,2026-06-01
T10102,20,Goods,2020Q3,-6.99,Level,2026-06-01
T10102,20,Goods,2020Q4,-3.16,Level,2026-06-01
T10102,20,Goods,2021Q1,-0.83,Level,2026-06-01
T10102,20,Goods,2021Q2,-0.72,Level,2026-06-01
T10102,20,Goods,2021Q3,0.01,Level,2026-06-01
T10102,20,Goods,2021Q4,-2.56,Level,2026-06-01
T10102,20,Goods,2022Q1,-1.44,Level,2026-06-01
T10102,20,Goods,2022Q2,-0.52,Level,2026-06-01
T10102,20,Goods,2022Q3,1.18,Level,2026-06-01
T10102,20,Goods,2022Q4,0.34,Level,2026-06-01
T10102,20,Goods,2023Q1,0.14,Level,2026-06-01
T10102,20,Goods,2023Q2,0.49,Level,2026-06-01
T10102,20,Goods,2023Q3,-0.44,Level,2026-06-01
T10102,20,Goods,2023Q4,-0.3,Level,2026-06-01
T10102,20,Goods,2024Q1,-0.78,Level,2026-06-01
T10102,20,Goods,2024Q2,-0.95,Level,2026-06-01
T10102,20,Goods,2024Q3,-0.95,Level,2026-06-01
T10102,20,Goods,2024Q4,0.35,Level,2026-06-01
T10102,20,Goods,2025Q1,-4.88,Level,2026-06-01
T10102,20,Goods,2025Q2,4.99,Level,2026-06-01
T10102,20,Goods,2025Q3,0.8,Level,2026-06-01
T10102,20,Goods,2025Q4,0.25,Level,2026-06-01
T10102,20,Goods,2026Q1,-2.4,Level,2026-06-01
T10102,21,Services,2010Q1,-0.04,Level,2026-06-01
T10102,21,Services,2010Q2,-0.07,Level,2026-06-01
T10102,21,Services,2010Q3,-0.27,Level,2026-06-01
T10102,21,Services,2010Q4,0.04,Level,2026-06-01
T10102,21,Services,2011Q1,0.21,Level,2026-06-01
T10102,21,Services,2011Q2,-0.27,Level,2026-06-01
T10102,21,Services,2011Q3,-0.18,Level,2026-06-01
T10102,21,Services,2011Q4,0.07,Level,2026-06-01
T10102,21,Services,2012Q1,-0.03,Level,2026-06-01
T10102,21,Services,2012Q2,-0.06,Level,2026-06-01
T10102,21,Services,2012Q3,-0.01,Level,2026-06-01
T10102,21,Services,2012Q4,0.1,Level,2026-06-01
T10102,21,Services,2013Q1,0.33,Level,2026-06-01
T10102,21,Services,2013Q2,-0.06,Level,2026-06-01
T10102,21,Services,2013Q3,-0.01,Level,2026-06-01
T10102,21,Services,2013Q4,-0.14,Level,2026-06-01
T10102,21,Services,2014Q1,-0.18,Level,2026-06-01
T10102,21,Services,2014Q2,0.03,Level,2026-06-01
T10102,21,Services,2014Q3,0.01,Level,2026-06-01
T10102,21,Services,2014Q4,-0.34,Level,2026-06-01
T10102,21,Services,2015Q1,0.2,Level,2026-06-01
T10102,21,Services,2015Q2,-0.1,Level,2026-06-01
T10102,21,Services,2015Q3,-0.17,Level,2026-06-01
T10102,21,Services,2015Q4,-0.27,Level,2026-06-01
T10102,21,Services,2016Q1,0.07,Level,2026-06-01
T10102,21,Services,2016Q2,-0.04,Level,2026-06-01
T10102,21,Services,2016Q3,-0.18,Level,2026-06-01
T10102,21,Services,2016Q4,0.14,Level,2026-06-01
T10102,21,Services,2017Q1,-0.32,Level,2026-06-01
T10102,21,Services,2017Q2,-0.19,Level,2026-06-01
T10102,21,Services,2017Q3,-0.38,Level,2026-06-01
T10102,21,Services,2017Q4,0.12,Level,2026-06-01
T10102,21,Services,2018Q1,0.25,Level,2026-06-01
T10102,21,Services,2018Q2,0.03,Level,2026-06-01
T10102,21,Services,2018Q3,0.03,Level,2026-06-01
T10102,21,Services,2018Q4,-0.29,Level,2026-06-01
T10102,21,Services,2019Q1,-0.22,Level,2026-06-01
T10102,21,Services,2019Q2,-0.1,Level,2026-06-01
T10102,21,Services,2019Q3,0.07,Level,2026-06-01
T10102,21,Services,2019Q4,0.05,Level,2026-06-01
T10102,21,Services,2020Q1,0.72,Level,2026-06-01
T10102,21,Services,2020Q2,2.58,Level,2026-06-01
T10102,21,Services,2020Q3,-0.37,Level,2026-06-01
T10102,21,Services,2020Q4,-0.71,Level,2026-06-01
T10102,21,Services,2021Q1,-0.25,Level,2026-06-01
T10102,21,Services,2021Q2,-0.52,Level,2026-06-01
T10102,21,Services,2021Q3,-0.94,Level,2026-06-01
T10102,21,Services,2021Q4,-0.31,Level,2026-06-01
T10102,21,Services,2022Q1,-0.27,Level,2026-06-01
T10102,21,Services,2022Q2,-0.55,Level,2026-06-01
T10102,21,Services,2022Q3,-0.24,Level,2026-06-01
T10102,21,Services,2022Q4,0.13,Level,2026-06-01
T10102,21,Services,2023Q1,0.01,Level,2026-06-01
T10102,21,Services,2023Q2,-0.19,Level,2026-06-01
T10102,21,Services,2023Q3,0.04,Level,2026-06-01
T10102,21,Services,2023Q4,-0.42,Level,2026-06-01
T10102,21,Services,2024Q1,-0.13,Level,2026-06-01
T10102,21,Services,2024Q2,-0.16,Level,2026-06-01
T10102,21,Services,2024Q3,-0.41,Level,2026-06-01
T10102,21,Services,2024Q4,-0.32,Level,2026-06-01
T10102,21,Services,2025Q1,0.18,Level,2026-06-01
T10102,21,Services,2025Q2,0.04,Level,2026-06-01
T10102,21,Services,2025Q3,-0.18,Level,2026-06-01
T10102,21,Services,2025Q4,-0.12,Level,2026-06-01
T10102,21,Services,2026Q1,-0.19,Level,2026-06-01
T10102,22,Government consumption expenditures and gross investment,2010Q1,-0.37,Level,2026-06-01
T10102,22,Government consumption expenditures and gross investment,2010Q2,0.26,Level,2026-06-01
T10102,22,Government consumption expenditures and gross investment,2010Q3,-0.59,Level,2026-06-01
T10102,22,Government consumption expenditures and gross investment,2010Q4,-0.52,Level,2026-06-01
T10102,22,Government consumption expenditures and gross investment,2011Q1,-1.0,Level,2026-06-01
T10102,22,Government consumption expenditures and gross investment,2011Q2,-0.55,Level,2026-06-01
T10102,22,Government consumption expenditures and gross investment,2011Q3,-1.15,Level,2026-06-01
T10102,22,Government consumption expenditures and gross investment,2011Q4,-0.05,Level,2026-06-01
T10102,22,Government consumption expenditures and gross investment,2012Q1,-0.34,Level,2026-06-01
T10102,22,Government consumption expenditures and gross investment,2012Q2,-0.41,Level,2026-06-01
T10102,22,Government consumption expenditures and gross investment,2012Q3,-0.12,Level,2026-06-01
T10102,22,Government consumption expenditures and gross investment,2012Q4,-0.75,Level,2026-06-01
T10102,22,Government consumption expenditures and gross investment,2013Q1,-0.7,Level,2026-06-01
T10102,22,Government consumption expenditures and gross investment,2013Q2,-0.09,Level,2026-06-01
T10102,22,Government consumption expenditures and gross investment,2013Q3,-0.36,Level,2026-06-01
T10102,22,Government consumption expenditures and gross investment,2013Q4,-0.57,Level,2026-06-01
T10102,22,Government consumption expenditures and gross investment,2014Q1,-0.32,Level,2026-06-01
T10102,22,Government consumption expenditures and gross investment,2014Q2,0.1,Level,2026-06-01
T10102,22,Government consumption expenditures and gross investment,2014Q3,0.49,Level,2026-06-01
T10102,22,Government consumption expenditures and gross investment,2014Q4,-0.06,Level,2026-06-01
T10102,22,Government consumption expenditures and gross investment,2015Q1,0.43,Level,2026-06-01
T10102,22,Government consumption expenditures and gross investment,2015Q2,0.69,Level,2026-06-01
T10102,22,Government consumption expenditures and gross investment,2015Q3,0.38,Level,2026-06-01
T10102,22,Government consumption expenditures and gross investment,2015Q4,0.31,Level,2026-06-01
T10102,22,Government consumption expenditures and gross investment,2016Q1,0.65,Level,2026-06-01
T10102,22,Government consumption expenditures and gross investment,2016Q2,-0.05,Level,2026-06-01
T10102,22,Government consumption expenditures and gross investment,2016Q3,0.31,Level,2026-06-01
T10102,22,Government consumption expenditures and gross investment,2016Q4,0.13,Level,2026-06-01
T10102,22,Government consumption expenditures and gross investment,2017Q1,-0.19,Level,2026-06-01
T10102,22,Government consumption expenditures and gross investment,2017Q2,0.2,Level,2026-06-01
T10102,22,Government consumption expenditures and gross investment,2017Q3,0.09,Level,2026-06-01
T10102,22,Government consumption expenditures and gross investment,2017Q4,0.63,Level,2026-06-01
T10102,22,Government consumption expenditures and gross investment,2018Q1,0.15,Level,2026-06-01
T10102,22,Government consumption expenditures and gross investment,2018Q2,0.5,Level,2026-06-01
T10102,22,Government consumption expenditures and gross investment,2018Q3,0.55,Level,2026-06-01
T10102,22,Government consumption expenditures and gross investment,2018Q4,0.09,Level,2026-06-01
T10102,22,Government consumption expenditures and gross investment,2019Q1,0.96,Level,2026-06-01
T10102,22,Government consumption expenditures and gross investment,2019Q2,0.95,Level,2026-06-01
T10102,22,Government consumption expenditures and gross investment,2019Q3,0.81,Level,2026-06-01
T10102,22,Government consumption expenditures and gross investment,2019Q4,0.57,Level,2026-06-01
T10102,22,Government consumption expenditures and gross investment,2020Q1,0.77,Level,2026-06-01
T10102,22,Government consumption expenditures and gross investment,2020Q2,1.82,Level,2026-06-01
T10102,22,Government consumption expenditures and gross investment,2020Q3,-1.14,Level,2026-06-01
T10102,22,Government consumption expenditures and gross investment,2020Q4,0.08,Level,2026-06-01
T10102,22,Government consumption expenditures and gross investment,2021Q1,1.05,Level,2026-06-01
T10102,22,Government consumption expenditures and gross investment,2021Q2,-0.85,Level,2026-06-01
T10102,22,Government consumption expenditures and gross investment,2021Q3,-0.54,Level,2026-06-01
T10102,22,Government consumption expenditures and gross investment,2021Q4,-0.01,Level,2026-06-01
T10102,22,Government consumption expenditures and gross investment,2022Q1,-0.54,Level,2026-06-01
T10102,22,Government consumption expenditures and gross investment,2022Q2,-0.26,Level,2026-06-01
T10102,22,Government consumption expenditures and gross investment,2022Q3,0.28,Level,2026-06-01
T10102,22,Government consumption expenditures and gross investment,2022Q4,0.69,Level,2026-06-01
T10102,22,Government consumption expenditures and gross investment,2023Q1,0.69,Level,2026-06-01
T10102,22,Government consumption expenditures and gross investment,2023Q2,0.56,Level,2026-06-01
T10102,22,Government consumption expenditures and gross investment,2023Q3,0.87,Level,2026-06-01
T10102,22,Government consumption expenditures and gross investment,2023Q4,0.79,Level,2026-06-01
T10102,22,Government consumption expenditures and gross investment,2024Q1,0.39,Level,2026-06-01
T10102,22,Government consumption expenditures and gross investment,2024Q2,0.57,Level,2026-06-01
T10102,22,Government consumption expenditures and gross investment,2024Q3,0.92,Level,2026-06-01
T10102,22,Government consumption expenditures and gross investment,2024Q4,0.57,Level,2026-06-01
T10102,22,Government consumption expenditures and gross investment,2025Q1,-0.17,Level,2026-06-01
T10102,22,Government consumption expenditures and gross investment,2025Q2,-0.01,Level,2026-06-01
T10102,22,Government consumption expenditures and gross investment,2025Q3,0.38,Level,2026-06-01
T10102,22,Government consumption expenditures and gross investment,2025Q4,-0.99,Level,2026-06-01
T10102,22,Government consumption expenditures and gross investment,2026Q1,0.73,Level,2026-06-01
T10102,23,Federal,2010Q1,0.38,Level,2026-06-01
T10102,23,Federal,2010Q2,0.46,Level,2026-06-01
T10102,23,Federal,2010Q3,-0.15,Level,2026-06-01
T10102,23,Federal,2010Q4,-0.05,Level,2026-06-01
T10102,23,Federal,2011Q1,-0.48,Level,2026-06-01
T10102,23,Federal,2011Q2,-0.12,Level,2026-06-01
T10102,23,Federal,2011Q3,-0.73,Level,2026-06-01
T10102,23,Federal,2011Q4,0.13,Level,2026-06-01
T10102,23,Federal,2012Q1,0.0,Level,2026-06-01
T10102,23,Federal,2012Q2,-0.26,Level,2026-06-01
T10102,23,Federal,2012Q3,0.07,Level,2026-06-01
T10102,23,Federal,2012Q4,-0.63,Level,2026-06-01
T10102,23,Federal,2013Q1,-0.69,Level,2026-06-01
T10102,23,Federal,2013Q2,-0.23,Level,2026-06-01
T10102,23,Federal,2013Q3,-0.41,Level,2026-06-01
T10102,23,Federal,2013Q4,-0.49,Level,2026-06-01
T10102,23,Federal,2014Q1,-0.03,Level,2026-06-01
T10102,23,Federal,2014Q2,-0.16,Level,2026-06-01
T10102,23,Federal,2014Q3,0.32,Level,2026-06-01
T10102,23,Federal,2014Q4,-0.42,Level,2026-06-01
T10102,23,Federal,2015Q1,0.11,Level,2026-06-01
T10102,23,Federal,2015Q2,0.09,Level,2026-06-01
T10102,23,Federal,2015Q3,-0.02,Level,2026-06-01
T10102,23,Federal,2015Q4,0.2,Level,2026-06-01
T10102,23,Federal,2016Q1,0.02,Level,2026-06-01
T10102,23,Federal,2016Q2,-0.13,Level,2026-06-01
T10102,23,Federal,2016Q3,0.14,Level,2026-06-01
T10102,23,Federal,2016Q4,0.02,Level,2026-06-01
T10102,23,Federal,2017Q1,-0.11,Level,2026-06-01
T10102,23,Federal,2017Q2,0.14,Level,2026-06-01
T10102,23,Federal,2017Q3,-0.01,Level,2026-06-01
T10102,23,Federal,2017Q4,0.35,Level,2026-06-01
T10102,23,Federal,2018Q1,0.26,Level,2026-06-01
T10102,23,Federal,2018Q2,0.19,Level,2026-06-01
T10102,23,Federal,2018Q3,0.33,Level,2026-06-01
T10102,23,Federal,2018Q4,0.12,Level,2026-06-01
T10102,23,Federal,2019Q1,0.28,Level,2026-06-01
T10102,23,Federal,2019Q2,0.27,Level,2026-06-01
T10102,23,Federal,2019Q3,0.33,Level,2026-06-01
T10102,23,Federal,2019Q4,0.15,Level,2026-06-01
T10102,23,Federal,2020Q1,0.29,Level,2026-06-01
T10102,23,Federal,2020Q2,2.1,Level,2026-06-01
T10102,23,Federal,2020Q3,-0.82,Level,2026-06-01
T10102,23,Federal,2020Q4,0.04,Level,2026-06-01
T10102,23,Federal,2021Q1,1.15,Level,2026-06-01
T10102,23,Federal,2021Q2,-0.63,Level,2026-06-01
T10102,23,Federal,2021Q3,-0.52,Level,2026-06-01
T10102,23,Federal,2021Q4,0.22,Level,2026-06-01
T10102,23,Federal,2022Q1,-0.56,Level,2026-06-01
T10102,23,Federal,2022Q2,-0.25,Level,2026-06-01
T10102,23,Federal,2022Q3,-0.09,Level,2026-06-01
T10102,23,Federal,2022Q4,0.54,Level,2026-06-01
T10102,23,Federal,2023Q1,0.25,Level,2026-06-01
T10102,23,Federal,2023Q2,-0.01,Level,2026-06-01
T10102,23,Federal,2023Q3,0.42,Level,2026-06-01
T10102,23,Federal,2023Q4,0.21,Level,2026-06-01
T10102,23,Federal,2024Q1,0.05,Level,2026-06-01
T10102,23,Federal,2024Q2,0.27,Level,2026-06-01
T10102,23,Federal,2024Q3,0.54,Level,2026-06-01
T10102,23,Federal,2024Q4,0.28,Level,2026-06-01
T10102,23,Federal,2025Q1,-0.37,Level,2026-06-01
T10102,23,Federal,2025Q2,-0.35,Level,2026-06-01
T10102,23,Federal,2025Q3,0.17,Level,2026-06-01
T10102,23,Federal,2025Q4,-1.16,Level,2026-06-01
T10102,23,Federal,2026Q1,0.57,Level,2026-06-01
T10102,24,National defense,2010Q1,0.12,Level,2026-06-01
T10102,24,National defense,2010Q2,0.16,Level,2026-06-01
T10102,24,National defense,2010Q3,-0.04,Level,2026-06-01
T10102,24,National defense,2010Q4,0.06,Level,2026-06-01
T10102,24,National defense,2011Q1,-0.39,Level,2026-06-01
T10102,24,National defense,2011Q2,0.1,Level,2026-06-01
T10102,24,National defense,2011Q3,-0.29,Level,2026-06-01
T10102,24,National defense,2011Q4,-0.18,Level,2026-06-01
T10102,24,National defense,2012Q1,-0.14,Level,2026-06-01
T10102,24,National defense,2012Q2,-0.25,Level,2026-06-01
T10102,24,National defense,2012Q3,0.05,Level,2026-06-01
T10102,24,National defense,2012Q4,-0.62,Level,2026-06-01
T10102,24,National defense,2013Q1,-0.46,Level,2026-06-01
T10102,24,National defense,2013Q2,-0.1,Level,2026-06-01
T10102,24,National defense,2013Q3,-0.36,Level,2026-06-01
T10102,24,National defense,2013Q4,-0.29,Level,2026-06-01
T10102,24,National defense,2014Q1,-0.22,Level,2026-06-01
T10102,24,National defense,2014Q2,-0.11,Level,2026-06-01
T10102,24,National defense,2014Q3,0.23,Level,2026-06-01
T10102,24,National defense,2014Q4,-0.48,Level,2026-06-01
T10102,24,National defense,2015Q1,-0.05,Level,2026-06-01
T10102,24,National defense,2015Q2,0.04,Level,2026-06-01
T10102,24,National defense,2015Q3,-0.15,Level,2026-06-01
T10102,24,National defense,2015Q4,0.12,Level,2026-06-01
T10102,24,National defense,2016Q1,-0.06,Level,2026-06-01
T10102,24,National defense,2016Q2,-0.15,Level,2026-06-01
T10102,24,National defense,2016Q3,0.16,Level,2026-06-01
T10102,24,National defense,2016Q4,-0.02,Level,2026-06-01
T10102,24,National defense,2017Q1,-0.07,Level,2026-06-01
T10102,24,National defense,2017Q2,0.22,Level,2026-06-01
T10102,24,National defense,2017Q3,-0.06,Level,2026-06-01
T10102,24,National defense,2017Q4,0.22,Level,2026-06-01
T10102,24,National defense,2018Q1,0.06,Level,2026-06-01
T10102,24,National defense,2018Q2,0.14,Level,2026-06-01
T10102,24,National defense,2018Q3,0.24,Level,2026-06-01
T10102,24,National defense,2018Q4,0.25,Level,2026-06-01
T10102,24,National defense,2019Q1,0.36,Level,2026-06-01
T10102,24,National defense,2019Q2,-0.04,Level,2026-06-01
T10102,24,National defense,2019Q3,0.24,Level,2026-06-01
T10102,24,National defense,2019Q4,0.1,Level,2026-06-01
T10102,24,National defense,2020Q1,0.1,Level,2026-06-01
T10102,24,National defense,2020Q2,0.08,Level,2026-06-01
T10102,24,National defense,2020Q3,0.05,Level,2026-06-01
T10102,24,National defense,2020Q4,0.53,Level,2026-06-01
T10102,24,National defense,2021Q1,-0.31,Level,2026-06-01
T10102,24,National defense,2021Q2,-0.15,Level,2026-06-01
T10102,24,National defense,2021Q3,-0.16,Level,2026-06-01
T10102,24,National defense,2021Q4,-0.11,Level,2026-06-01
T10102,24,National defense,2022Q1,-0.4,Level,2026-06-01
T10102,24,National defense,2022Q2,0.05,Level,2026-06-01
T10102,24,National defense,2022Q3,-0.15,Level,2026-06-01
T10102,24,National defense,2022Q4,0.28,Level,2026-06-01
T10102,24,National defense,2023Q1,0.16,Level,2026-06-01
T10102,24,National defense,2023Q2,0.08,Level,2026-06-01
T10102,24,National defense,2023Q3,0.26,Level,2026-06-01
T10102,24,National defense,2023Q4,0.08,Level,2026-06-01
T10102,24,National defense,2024Q1,-0.1,Level,2026-06-01
T10102,24,National defense,2024Q2,0.25,Level,2026-06-01
T10102,24,National defense,2024Q3,0.47,Level,2026-06-01
T10102,24,National defense,2024Q4,0.17,Level,2026-06-01
T10102,24,National defense,2025Q1,-0.27,Level,2026-06-01
T10102,24,National defense,2025Q2,0.03,Level,2026-06-01
T10102,24,National defense,2025Q3,0.21,Level,2026-06-01
T10102,24,National defense,2025Q4,-0.42,Level,2026-06-01
T10102,24,National defense,2026Q1,0.08,Level,2026-06-01
T10102,25,Nondefense,2010Q1,0.26,Level,2026-06-01
T10102,25,Nondefense,2010Q2,0.3,Level,2026-06-01
T10102,25,Nondefense,2010Q3,-0.11,Level,2026-06-01
T10102,25,Nondefense,2010Q4,-0.11,Level,2026-06-01
T10102,25,Nondefense,2011Q1,-0.08,Level,2026-06-01
T10102,25,Nondefense,2011Q2,-0.22,Level,2026-06-01
T10102,25,Nondefense,2011Q3,-0.44,Level,2026-06-01
T10102,25,Nondefense,2011Q4,0.31,Level,2026-06-01
T10102,25,Nondefense,2012Q1,0.14,Level,2026-06-01
T10102,25,Nondefense,2012Q2,0.0,Level,2026-06-01
T10102,25,Nondefense,2012Q3,0.02,Level,2026-06-01
T10102,25,Nondefense,2012Q4,-0.01,Level,2026-06-01
T10102,25,Nondefense,2013Q1,-0.23,Level,2026-06-01
T10102,25,Nondefense,2013Q2,-0.13,Level,2026-06-01
T10102,25,Nondefense,2013Q3,-0.05,Level,2026-06-01
T10102,25,Nondefense,2013Q4,-0.21,Level,2026-06-01
T10102,25,Nondefense,2014Q1,0.19,Level,2026-06-01
T10102,25,Nondefense,2014Q2,-0.06,Level,2026-06-01
T10102,25,Nondefense,2014Q3,0.1,Level,2026-06-01
T10102,25,Nondefense,2014Q4,0.07,Level,2026-06-01
T10102,25,Nondefense,2015Q1,0.16,Level,2026-06-01
T10102,25,Nondefense,2015Q2,0.04,Level,2026-06-01
T10102,25,Nondefense,2015Q3,0.13,Level,2026-06-01
T10102,25,Nondefense,2015Q4,0.08,Level,2026-06-01
T10102,25,Nondefense,2016Q1,0.08,Level,2026-06-01
T10102,25,Nondefense,2016Q2,0.02,Level,2026-06-01
T10102,25,Nondefense,2016Q3,-0.02,Level,2026-06-01
T10102,25,Nondefense,2016Q4,0.05,Level,2026-06-01
T10102,25,Nondefense,2017Q1,-0.04,Level,2026-06-01
T10102,25,Nondefense,2017Q2,-0.08,Level,2026-06-01
T10102,25,Nondefense,2017Q3,0.05,Level,2026-06-01
T10102,25,Nondefense,2017Q4,0.13,Level,2026-06-01
T10102,25,Nondefense,2018Q1,0.21,Level,2026-06-01
T10102,25,Nondefense,2018Q2,0.05,Level,2026-06-01
T10102,25,Nondefense,2018Q3,0.09,Level,2026-06-01
T10102,25,Nondefense,2018Q4,-0.12,Level,2026-06-01
T10102,25,Nondefense,2019Q1,-0.08,Level,2026-06-01
T10102,25,Nondefense,2019Q2,0.3,Level,2026-06-01
T10102,25,Nondefense,2019Q3,0.09,Level,2026-06-01
T10102,25,Nondefense,2019Q4,0.05,Level,2026-06-01
T10102,25,Nondefense,2020Q1,0.19,Level,2026-06-01
T10102,25,Nondefense,2020Q2,2.02,Level,2026-06-01
T10102,25,Nondefense,2020Q3,-0.87,Level,2026-06-01
T10102,25,Nondefense,2020Q4,-0.49,Level,2026-06-01
T10102,25,Nondefense,2021Q1,1.47,Level,2026-06-01
T10102,25,Nondefense,2021Q2,-0.48,Level,2026-06-01
T10102,25,Nondefense,2021Q3,-0.36,Level,2026-06-01
T10102,25,Nondefense,2021Q4,0.33,Level,2026-06-01
T10102,25,Nondefense,2022Q1,-0.16,Level,2026-06-01
T10102,25,Nondefense,2022Q2,-0.3,Level,2026-06-01
T10102,25,Nondefense,2022Q3,0.06,Level,2026-06-01
T10102,25,Nondefense,2022Q4,0.26,Level,2026-06-01
T10102,25,Nondefense,2023Q1,0.09,Level,2026-06-01
T10102,25,Nondefense,2023Q2,-0.09,Level,2026-06-01
T10102,25,Nondefense,2023Q3,0.16,Level,2026-06-01
T10102,25,Nondefense,2023Q4,0.14,Level,2026-06-01
T10102,25,Nondefense,2024Q1,0.15,Level,2026-06-01
T10102,25,Nondefense,2024Q2,0.03,Level,2026-06-01
T10102,25,Nondefense,2024Q3,0.07,Level,2026-06-01
T10102,25,Nondefense,2024Q4,0.11,Level,2026-06-01
T10102,25,Nondefense,2025Q1,-0.11,Level,2026-06-01
T10102,25,Nondefense,2025Q2,-0.38,Level,2026-06-01
T10102,25,Nondefense,2025Q3,-0.04,Level,2026-06-01
T10102,25,Nondefense,2025Q4,-0.73,Level,2026-06-01
T10102,25,Nondefense,2026Q1,0.49,Level,2026-06-01
T10102,26,State and local,2010Q1,-0.76,Level,2026-06-01
T10102,26,State and local,2010Q2,-0.19,Level,2026-06-01
T10102,26,State and local,2010Q3,-0.44,Level,2026-06-01
T10102,26,State and local,2010Q4,-0.47,Level,2026-06-01
T10102,26,State and local,2011Q1,-0.53,Level,2026-06-01
T10102,26,State and local,2011Q2,-0.43,Level,2026-06-01
T10102,26,State and local,2011Q3,-0.43,Level,2026-06-01
T10102,26,State and local,2011Q4,-0.17,Level,2026-06-01
T10102,26,State and local,2012Q1,-0.34,Level,2026-06-01
T10102,26,State and local,2012Q2,-0.16,Level,2026-06-01
T10102,26,State and local,2012Q3,-0.18,Level,2026-06-01
T10102,26,State and local,2012Q4,-0.13,Level,2026-06-01
T10102,26,State and local,2013Q1,-0.01,Level,2026-06-01
T10102,26,State and local,2013Q2,0.14,Level,2026-06-01
T10102,26,State and local,2013Q3,0.05,Level,2026-06-01
T10102,26,State and local,2013Q4,-0.08,Level,2026-06-01
T10102,26,State and local,2014Q1,-0.29,Level,2026-06-01
T10102,26,State and local,2014Q2,0.26,Level,2026-06-01
T10102,26,State and local,2014Q3,0.17,Level,2026-06-01
T10102,26,State and local,2014Q4,0.36,Level,2026-06-01
T10102,26,State and local,2015Q1,0.32,Level,2026-06-01
T10102,26,State and local,2015Q2,0.61,Level,2026-06-01
T10102,26,State and local,2015Q3,0.4,Level,2026-06-01
T10102,26,State and local,2015Q4,0.1,Level,2026-06-01
T10102,26,State and local,2016Q1,0.63,Level,2026-06-01
T10102,26,State and local,2016Q2,0.08,Level,2026-06-01
T10102,26,State and local,2016Q3,0.17,Level,2026-06-01
T10102,26,State and local,2016Q4,0.1,Level,2026-06-01
T10102,26,State and local,2017Q1,-0.08,Level,2026-06-01
T10102,26,State and local,2017Q2,0.06,Level,2026-06-01
T10102,26,State and local,2017Q3,0.1,Level,2026-06-01
T10102,26,State and local,2017Q4,0.28,Level,2026-06-01
T10102,26,State and local,2018Q1,-0.12,Level,2026-06-01
T10102,26,State and local,2018Q2,0.31,Level,2026-06-01
T10102,26,State and local,2018Q3,0.22,Level,2026-06-01
T10102,26,State and local,2018Q4,-0.03,Level,2026-06-01
T10102,26,State and local,2019Q1,0.68,Level,2026-06-01
T10102,26,State and local,2019Q2,0.68,Level,2026-06-01
T10102,26,State and local,2019Q3,0.48,Level,2026-06-01
T10102,26,State and local,2019Q4,0.43,Level,2026-06-01
T10102,26,State and local,2020Q1,0.49,Level,2026-06-01
T10102,26,State and local,2020Q2,-0.28,Level,2026-06-01
T10102,26,State and local,2020Q3,-0.32,Level,2026-06-01
T10102,26,State and local,2020Q4,0.04,Level,2026-06-01
T10102,26,State and local,2021Q1,-0.1,Level,2026-06-01
T10102,26,State and local,2021Q2,-0.22,Level,2026-06-01
T10102,26,State and local,2021Q3,-0.01,Level,2026-06-01
T10102,26,State and local,2021Q4,-0.23,Level,2026-06-01
T10102,26,State and local,2022Q1,0.02,Level,2026-06-01
T10102,26,State and local,2022Q2,-0.01,Level,2026-06-01
T10102,26,State and local,2022Q3,0.37,Level,2026-06-01
T10102,26,State and local,2022Q4,0.15,Level,2026-06-01
T10102,26,State and local,2023Q1,0.44,Level,2026-06-01
T10102,26,State and local,2023Q2,0.56,Level,2026-06-01
T10102,26,State and local,2023Q3,0.44,Level,2026-06-01
T10102,26,State and local,2023Q4,0.57,Level,2026-06-01
T10102,26,State and local,2024Q1,0.34,Level,2026-06-01
T10102,26,State and local,2024Q2,0.3,Level,2026-06-01
T10102,26,State and local,2024Q3,0.38,Level,2026-06-01
T10102,26,State and local,2024Q4,0.29,Level,2026-06-01
T10102,26,State and local,2025Q1,0.2,Level,2026-06-01
T10102,26,State and local,2025Q2,0.33,Level,2026-06-01
T10102,26,State and local,2025Q3,0.21,Level,2026-06-01
T10102,26,State and local,2025Q4,0.16,Level,2026-06-01
T10102,26,State and local,2026Q1,0.16,Level,2026-06-01
