model,vendor,country,year_released,process_node,tdp_watts,flops_dense_bf16_tflops,flops_dense_fp8_tflops,memory_gb,memory_bw_tbs,msrp_usd,verified,source,note,bf16_tflops_per_watt,retrieved
V100 SXM2,NVIDIA,US,2017,TSMC 12nm,300,125,,32,0.9,10000,True,NVIDIA Tesla V100 datasheet,FP16 tensor (Volta; no bf16/fp8),0.4167,2026-05-29
A100 SXM 80GB,NVIDIA,US,2020,TSMC 7nm,400,312,,80,2.039,15000,True,NVIDIA A100 datasheet,bf16/fp16 312 dense; no fp8,0.78,2026-05-29
H100 SXM5,NVIDIA,US,2022,TSMC 4N,700,990,1979.0,80,3.35,30000,True,NVIDIA H100 datasheet,bf16 ~989 dense; fp8 ~1979 dense,1.4143,2026-05-29
H200 SXM,NVIDIA,US,2024,TSMC 4N,700,990,1979.0,141,4.8,32000,True,NVIDIA H200 datasheet,same compute as H100; more/faster HBM3e memory,1.4143,2026-05-29
B200,NVIDIA,US,2025,TSMC 4NP,1000,2250,4500.0,192,8.0,35000,True,NVIDIA Blackwell datasheet,dense bf16 ~2250; fp8 ~4500; fp4 also supported,2.25,2026-05-29
GB200 superchip,NVIDIA,US,2025,TSMC 4NP,2700,4500,9000.0,384,16.0,70000,False,NVIDIA GB200 (Grace+2xB200),2 GPUs + Grace CPU; per-GPU ~= B200; price/TDP approx,1.6667,2026-05-29
MI300X,AMD,US,2023,TSMC 5nm/6nm,750,1307,2615.0,192,5.3,18000,True,AMD Instinct MI300X datasheet,dense bf16 ~1307; fp8 ~2615,1.7427,2026-05-29
Ascend 910B,Huawei,China,2023,SMIC ~7nm (N+2),400,376,,64,1.6,16000,False,secondary estimates (SemiAnalysis/press),ESTIMATE; ~FP16 320-400; fp8 unclear; export-control context,0.94,2026-05-29
Ascend 910C,Huawei,China,2025,SMIC ~7nm (dual-die),700,780,,128,3.2,20000,False,secondary estimates (SemiAnalysis/press),ESTIMATE; ~2x 910B (dual 910B dies); CloudMatrix 384 scale-out part,1.1143,2026-05-29
